PlayerName,Position,Age,Season_x,LeftClub,JoinedClub,MarketValue,Fee,Injury_Index,Loan_Index,Matches_Played,Mins_played,90s_Played,Role_In_Prev_Club_Index,Chance_Creation_Index,Attacking_Contributions,Ball_Progression,Mistake_Rate,Midfield_Control,Defensive_Actions,Possession_Control,Performance_Index,Missing_Stats?,club_left_rank,club_joined_rank,Delta_Club_Rank,Transfer_Success,Role_Cohort
fabian delph,Central Midfield,29.0,19/20,man city,everton,15000000,9500000.0,0.0,0.0,22,1521.1692307692308,16.90153846153846,44.58258159750697,23.91538461538461,3.830769230769231,116.81538461538462,0.0531526931336848,467.7715458926901,67.8,1214.0153846153846,42.9474064400059,1,1,3,-2,0,Central Midfield
nabil fekir,Attacking Midfield,25.0,19/20,lyon,real betis,60000000,19750000.0,0.0,0.0,29,1988.0,22.1,59.38166311300641,116.0,16.0,196.0,0.0680224403927068,58.1081081081081,100.0,1545.0,58.045388192678,0,1,3,-2,1,Attacking Midfield
nadiem amiri,Central Midfield,21.0,19/20,hoffenheim,leverkusen,17000000,10500000.0,0.0,0.0,13,754.0,8.4,23.29424307036248,30.0,4.0,72.0,0.0511727078891258,20.164473684210527,32.0,577.0,31.754038574320766,0,3,1,2,0,Central Midfield
aaron ramsey,Central Midfield,27.0,19/20,arsenal,juventus,40000000,0.0,0.0,0.0,28,1331.0,14.8,49.11158493248046,49.0,10.0,135.0,0.0637860082304526,38.57575757575758,50.0,1140.0,42.21440070095735,0,1,1,0,0,Central Midfield
adrien rabiot,Central Midfield,23.0,19/20,paris sg,juventus,35000000,0.0,0.0,0.0,14,1063.0,11.8,28.71357498223171,20.0,3.0,169.0,0.0196245733788395,51.054131054131055,54.0,1768.0,49.47112851765314,0,1,1,0,1,Central Midfield
yan eteki,Defensive Midfield,21.0,19/20,sevilla fc,granada,1000000,1000000.0,0.0,0.0,14,827.5625,9.195,25.47352523098792,10.39375,2.0125,58.15,0.0963839537896224,1108.728687978688,30.675,536.7375,29.069739246410197,1,2,4,-2,0,Defensive Midfield
flavien tait,Central Midfield,25.0,19/20,angers,rennes jugend,8000000,9000000.0,0.0,0.0,36,2985.0,33.2,81.52096659559348,157.0,12.0,343.0,0.0832507433102081,84.47653429602889,115.0,2061.0,70.06270555390883,0,4,2,2,0,Central Midfield
renato sanches,Central Midfield,20.0,19/20,bayern munich,lille,18000000,20000000.0,0.3811754385964912,0.3362,17,577.0,6.4,25.568585643212515,25.0,2.0,64.0,0.0476190476190476,18.51063829787234,16.0,582.0,29.3857124239727,0,1,2,-1,1,Central Midfield
pedro obiang,Central Midfield,26.0,19/20,west ham,sassuolo,7000000,7750000.0,0.0,0.0,24,1128.0,12.5,41.48898365316276,15.0,1.0,76.0,0.0260115606936416,26.160714285714285,80.0,857.0,38.80474159120433,0,3,3,0,1,Central Midfield
amadou diawara,Defensive Midfield,21.0,19/20,napoli,roma,15000000,21000000.0,0.0,0.0,13,661.0,7.3,21.926083866382378,15.5,0.0,43.0,0.017799352750809,33.97887323943662,29.0,959.0,33.98352800823558,0,1,1,0,0,Defensive Midfield
ander herrera,Central Midfield,28.0,19/20,man utd,paris sg,25000000,0.0,0.0,0.0,22,1403.0,15.6,42.96375266524521,34.5,5.0,114.0,0.0182572614107883,63.59375,129.0,1598.0,53.37571888030972,0,1,1,0,1,Central Midfield
ander iturraspe,Defensive Midfield,29.0,19/20,bilbao athletic,espanyol,2500000,0.0,0.0,0.0,3,98.0,1.1,2.309879175550818,0.0,0.0,5.0,0.0219780219780219,6.649746192893401,8.0,129.0,23.38262216457896,0,3,3,0,0,Defensive Midfield
manuel locatelli,Defensive Midfield,20.0,19/20,ac milan,sassuolo,12000000,14000000.0,0.0,0.0,29,1847.0,20.5,57.39161336176262,84.0,6.0,166.0,0.0449897750511247,74.3076923076923,92.0,1852.0,54.89740990634331,0,1,3,-2,1,Defensive Midfield
lukas lerager,Central Midfield,25.0,19/20,g. bordeaux,genoa,6000000,6000000.0,0.0,0.0,32,2420.0,26.9,68.92324093816632,53.5,2.0,147.0,0.0298507462686567,64.11538461538461,155.0,1619.0,56.16967717277596,0,3,4,-1,0,Central Midfield
lukas rupp,Attacking Midfield,28.0,19/20,hoffenheim,norwich,3000000,500000.0,0.0,0.0,19,1302.2931034482758,14.467241379310344,37.983420336739954,20.120689655172413,4.913793103448276,87.65517241379311,0.0561628345719431,88.04997732426304,59.53448275862069,963.9137931034484,36.86952524077424,1,3,5,-2,0,Attacking Midfield
valentin rongier,Central Midfield,23.0,19/20,nantes,marseille,15000000,13000000.0,0.0,0.0,36,3226.0,35.8,84.75479744136462,172.5,9.0,304.0,0.0429042904290429,96.65634674922602,165.0,2996.0,82.51836735476964,0,3,1,2,1,Central Midfield
douglas luiz,Central Midfield,20.0,19/20,man city,aston villa,2500000,16800000.0,0.0,0.0,23,1490.0,16.6,45.39800995024876,24.5,0.0,119.0,0.040929203539823,65.05376344086021,74.0,1194.0,41.4361554129486,0,1,3,-2,1,Central Midfield
franck kessie,Central Midfield,21.0,19/20,atalanta,ac milan,33000000,32000000.0,0.0,0.0,34,3018.0,33.5,79.5131485429993,99.0,9.0,263.0,0.0526315789473684,85.30303030303031,104.0,2656.0,67.50214899016558,0,2,1,1,1,Central Midfield
roberto soriano,Attacking Midfield,27.0,19/20,villarreal,bologna,7000000,8000000.0,0.1640350877192982,0.3943,28,1957.0,21.7,57.69367448471928,69.5,6.0,158.0,0.0659754948162111,42.82958199356913,75.0,1192.0,45.41379735516239,0,2,3,-1,1,Attacking Midfield
antonin bobichon,Central Midfield,22.0,19/20,nîmes,angers,5000000,1500000.0,0.0,0.0,30,2153.0,23.9,62.810945273631845,59.5,9.0,135.0,0.0499537465309898,66.7487684729064,64.0,1310.0,46.483317393360345,0,5,4,1,0,Central Midfield
kevin-prince boateng,Attacking Midfield,31.0,19/20,sassuolo,fiorentina,7000000,1500000.0,0.3150219394640447,0.2273,22,1512.030303030303,16.803030303030305,44.46005901229782,25.62121212121212,4.363636363636363,122.27272727272728,0.0507747749809178,125.67832107190682,64.6969696969697,1205.3030303030305,41.72078099863134,1,3,3,0,0,Attacking Midfield
khephren thuram,Central Midfield,17.0,19/20,monaco,nice,500000,0.0,0.0,0.0,12,722.9809523809524,8.037142857142857,21.65245202558636,9.495238095238095,1.6095238095238096,51.63809523809524,0.0905972588565678,2470.6153530524207,31.866666666666667,517.1047619047619,36.33974761947033,1,2,3,-1,1,Central Midfield
andre gomes,Central Midfield,25.0,19/20,barcelona,everton,28000000,25000000.0,0.281379386585275,0.2386,27,1980.0,22.0,56.87633262260129,29.0,2.0,194.0,0.0584144645340751,61.886792452830186,86.0,1946.0,50.24477889306594,0,1,3,-2,0,Central Midfield
teji savanier,Attacking Midfield,26.0,19/20,nîmes,montpellier,12000000,9500000.0,0.0,0.0,32,2864.0,31.8,75.0177683013504,163.0,20.0,305.0,0.0462328767123287,95.35055350553505,191.0,2543.0,85.02026282558423,0,5,3,2,1,Attacking Midfield
filippo costa,Left Midfield,24.0,19/20,spal,napoli,800000,1450000.0,0.0,0.0,23,1526.8805970149251,16.971641791044775,45.860250983886544,28.73134328358209,4.656716417910448,131.01492537313433,0.0564981722662581,1057.7650237786424,64.22388059701493,1155.8955223880596,46.38068662544193,1,5,1,4,0,Central Midfield
pablo fornals,Central Midfield,22.0,19/20,villarreal,west ham,25000000,28000000.0,0.0,0.0,35,2479.0,27.5,73.24093816631131,97.5,5.0,229.0,0.0730743910467412,81.60550458715596,105.0,1607.0,55.13440996676494,0,2,3,-1,1,Central Midfield
denis suarez,Attacking Midfield,24.0,19/20,barcelona,celta vigo,12000000,12900000.0,0.6564052631578947,0.1727,6,90.0,1.0,5.756929637526652,2.5,0.0,7.0,0.054054054054054,3.022508038585209,3.0,86.0,19.102095023544152,0,1,3,-2,1,Attacking Midfield
dennis praet,Central Midfield,24.0,19/20,sampdoria,leicester,24000000,19200000.0,0.0,0.0,34,2890.0,32.1,77.771855010661,84.0,5.0,253.0,0.0416857535501603,107.32342007434946,131.0,2698.0,68.54382343127611,0,3,3,0,1,Central Midfield
diego demme,Defensive Midfield,26.0,19/20,leipzig,napoli,17000000,10250000.0,0.0,0.0,26,2055.0,22.8,56.680881307746986,58.5,2.0,234.0,0.0291970802919708,94.26923076923076,137.0,2413.0,65.0483780820259,0,1,1,0,0,Defensive Midfield
darko lazovic,Left Midfield,28.0,19/20,genoa,hellas verona,3000000,0.0,0.0,0.0,21,1369.52,15.222,41.30312722103768,24.19,4.64,109.5,0.0547970279248918,1057.7650237786424,53.22,1027.26,43.37625509870588,1,4,4,0,0,Central Midfield
kerem demirbay,Central Midfield,25.0,19/20,hoffenheim,leverkusen,32000000,32000000.0,0.0,0.0,26,2017.0,22.4,56.18336886993604,151.5,13.0,263.0,0.0595375722543352,84.2914979757085,113.0,2016.0,67.96142796488859,0,3,1,2,0,Central Midfield
mateo kovacic,Central Midfield,24.0,19/20,real madrid,chelsea,35000000,45000000.0,0.4257460023647899,0.1023,32,1735.0,19.3,59.47050461975836,57.0,2.0,199.0,0.0376692171865803,1761.1068028706609,72.0,2336.0,64.82208957770786,0,1,1,0,1,Central Midfield
dejan kulusevski,Attacking Midfield,18.0,19/20,atalanta,juventus,25000000,39000000.0,0.0,0.0,3,105.0,1.2,2.4342572850035538,0.5,0.0,16.0,0.1095890410958904,2.9073482428115014,4.0,80.0,12.903640243809516,0,2,1,1,0,Attacking Midfield
giovani lo celso,Attacking Midfield,22.0,19/20,paris sg,real betis,50000000,22000000.0,0.0,0.0,33,2408.0,26.8,69.98933901918979,69.0,13.0,303.0,0.0677312775330396,85.35315985130111,94.0,2171.0,63.85095452935662,0,1,3,-2,1,Attacking Midfield
rodri,Defensive Midfield,22.0,19/20,atlético,man city,80000000,70000000.0,0.0,0.0,34,2735.0,30.4,75.65742714996448,40.0,4.0,178.0,0.021845742309407,119.77443609022556,179.0,3173.0,70.77604697216219,0,1,1,0,1,Defensive Midfield
julian brandt,Attacking Midfield,22.0,19/20,leverkusen,dortmund,50000000,25000000.0,0.0,0.0,33,2666.0,29.6,73.4719260838664,174.0,18.0,305.0,0.0573248407643312,114.85477178423236,71.0,2477.0,73.24993432750364,0,1,1,0,1,Attacking Midfield
thorgan hazard,Attacking Midfield,25.0,19/20,mönchengladbach,dortmund,38000000,25500000.0,0.0,0.0,33,2873.0,31.9,76.33262260127933,145.0,21.0,297.0,0.068169014084507,69.26315789473685,112.0,1653.0,69.0010972833148,0,3,1,2,1,Attacking Midfield
aurelien tchouameni,Defensive Midfield,18.0,19/20,g. bordeaux,monaco,14000000,18000000.0,0.0,0.0,10,704.0,7.8,18.976545842217487,6.5,0.0,30.0,0.0373333333333333,14.84375,56.0,468.0,29.50322390100136,0,3,2,1,1,Defensive Midfield
julius kade,Central Midfield,20.0,19/20,hertha bsc,union berlin,400000,0.0,0.0,0.0,14,834.031914893617,9.26276595744681,25.55781124771281,13.611702127659576,3.117021276595745,61.212765957446805,0.0810727186966693,350.01111018277595,33.819148936170215,538.9574468085107,27.947916199790505,1,3,5,-2,0,Central Midfield
stefan ilsanker,Defensive Midfield,29.0,19/20,leipzig,frankfurt,3000000,500000.0,0.0,0.0,19,933.0,10.4,32.92466240227434,8.0,0.0,41.0,0.0139130434782608,35.63157894736842,53.0,673.0,34.14353894795263,0,1,3,-2,0,Defensive Midfield
stefano sturaro,Central Midfield,25.0,19/20,juventus,genoa,10000000,16500000.0,0.681527220112136,0.4132,5,213.0,2.4,6.307746979388771,8.0,1.0,12.0,0.1415094339622641,8.75968992248062,10.0,98.0,10.306338601003183,0,1,4,-3,0,Central Midfield
sung-yueng ki,Defensive Midfield,30.0,19/20,newcastle,rcd mallorca,4500000,0.0,0.0,0.0,22,1521.1692307692308,16.90153846153846,44.58258159750697,23.91538461538461,3.830769230769231,116.81538461538462,0.0531526931336848,987.0565890300466,67.8,1214.0153846153846,45.68108586181248,1,3,4,-1,1,Defensive Midfield
jordan ferri,Central Midfield,26.0,19/20,lyon,montpellier,4000000,2000000.0,0.0,0.0,28,1990.0,22.1,58.19118692253022,58.0,3.0,241.0,0.0540925266903914,74.09266409266411,104.0,1855.0,56.47865918036047,0,1,3,-2,0,Central Midfield
tanguy ndombele,Central Midfield,21.0,19/20,lyon,tottenham,65000000,62000000.0,0.0,0.0,34,2690.0,29.9,75.03553660270079,108.0,8.0,347.0,0.0469092503288031,467.7715458926901,125.0,3353.0,81.19793299713476,0,1,2,-1,0,Central Midfield
mattia valoti,Central Midfield,24.0,19/20,hellas verona,spal,1000000,3000000.0,0.3218954627949183,0.4435,24,1222.0,13.6,42.85714285714286,25.0,2.0,90.0,0.056768558951965,31.666666666666668,75.0,774.0,35.96338968656954,0,4,5,-1,0,Central Midfield
jonathan schmid,Right Midfield,29.0,19/20,augsburg,freiburg,5000000,4000000.0,0.0,0.0,19,1302.2931034482758,14.467241379310344,37.983420336739954,20.120689655172413,4.913793103448276,87.65517241379311,0.0561628345719431,108.8159722222222,59.53448275862069,963.9137931034484,36.97884395440966,1,3,3,0,1,Central Midfield
sofyan amrabat,Defensive Midfield,22.0,19/20,hellas verona,fiorentina,10000000,19500000.0,0.0,0.0,14,854.1184210526316,9.488157894736842,25.838149478173047,14.11842105263158,1.973684210526316,66.48684210526316,0.0866648863606358,297.6148329702252,35.13157894736842,628.7105263157895,27.579201267246336,1,4,3,1,1,Defensive Midfield
stanislav lobotka,Defensive Midfield,23.0,19/20,celta vigo,napoli,20000000,24000000.0,0.0,0.0,31,2489.0,27.7,68.72778962331202,47.0,1.0,164.0,0.0306633291614518,151.2258064516129,71.0,2310.0,54.009141634706296,0,3,1,2,1,Defensive Midfield
ruben pardo,Central Midfield,25.0,19/20,real sociedad,g. bordeaux,3000000,0.0,0.0,0.0,24,1368.0,15.2,44.84719260838664,72.0,3.0,119.0,0.0211907164480322,47.01754385964912,46.0,1299.0,45.859472639724494,0,3,3,0,0,Central Midfield
habib maiga,Defensive Midfield,22.0,19/20,saint-étienne,fc mtz,1000000,1000000.0,0.0,0.0,12,722.9809523809524,8.037142857142857,21.65245202558636,9.495238095238095,1.6095238095238096,51.63809523809524,0.0905972588565678,2137.0144066470684,31.866666666666667,517.1047619047619,34.58356755163369,1,3,5,-2,0,Defensive Midfield
nemanja radoja,Defensive Midfield,26.0,19/20,celta vigo,levante,3000000,0.0,0.0,0.0,23,1480.4925373134329,16.452238805970147,45.21422737060964,18.574626865671643,3.611940298507463,99.98507462686568,0.0792236092072504,987.0565890300466,62.492537313432834,948.731343283582,39.13103994367391,1,3,4,-1,0,Defensive Midfield
mehdi abeid,Central Midfield,25.0,19/20,dijon,nantes,1750000,0.0,0.0,0.0,26,2023.0,22.5,56.30774697938878,42.5,3.0,140.0,0.0523598820058997,63.07958477508651,113.0,1773.0,50.24702052316816,0,5,3,2,1,Central Midfield
joelinton,Central Midfield,21.0,19/20,hoffenheim,newcastle,35000000,43500000.0,0.0,0.0,28,2130.0,23.7,60.181236673774,87.5,12.0,125.0,0.1365807067812798,51.265822784810126,85.0,1055.0,38.37582196855857,0,3,3,0,1,Central Midfield
ryad boudebouz,Attacking Midfield,28.0,19/20,real betis,saint-étienne,6000000,3500000.0,0.0,0.0,20,1256.0,14.0,38.59275053304905,56.5,3.0,114.0,0.068259385665529,34.9671052631579,44.0,961.0,36.72454456917282,0,3,3,0,0,Attacking Midfield
miguel veloso,Defensive Midfield,32.0,19/20,genoa,hellas verona,1000000,0.0,0.0,0.0,21,1257.0,14.0,39.78322672352524,52.0,1.0,88.0,0.0256081946222791,31.43859649122807,56.0,875.0,39.80691033933952,0,4,4,0,0,Defensive Midfield
jean-philippe gbamin,Defensive Midfield,22.0,19/20,mainz,everton,28000000,25000000.0,0.0,0.0,31,2672.0,29.7,71.21535181236675,53.0,3.0,202.0,0.057347670250896,144.53333333333333,120.0,2101.0,56.82366407659913,0,3,3,0,1,Defensive Midfield
jeff reine-adelaide,Attacking Midfield,20.0,19/20,angers,lyon,11000000,25000000.0,0.0,0.0,35,2556.0,28.4,74.36034115138594,84.0,6.0,271.0,0.0993333333333333,224.8192771084337,79.0,1721.0,53.2477086888217,0,4,1,3,0,Attacking Midfield
jacopo sala,Central Midfield,27.0,19/20,sampdoria,spal,1600000,0.0,0.0,0.0,21,1369.52,15.222,41.30312722103768,24.19,4.64,109.5,0.0547970279248918,350.01111018277595,53.22,1027.26,39.65041640015448,1,3,5,-2,0,Central Midfield
jakub jankto,Left Midfield,22.0,19/20,udinese,sampdoria,12000000,14500000.0,0.0575473684210526,0.3107,25,963.0,10.7,40.4406538734897,18.0,0.0,84.0,0.0198170731707317,27.32899022801303,34.0,759.0,35.355165823508855,0,3,3,0,1,Central Midfield
james mccarthy,Central Midfield,28.0,19/20,everton,crystal palace,5000000,3300000.0,0.0,0.0,22,1521.1692307692308,16.90153846153846,44.58258159750697,23.91538461538461,3.830769230769231,116.81538461538462,0.0531526931336848,350.01111018277595,67.8,1214.0153846153846,42.32747855250459,1,3,3,0,0,Central Midfield
michael cuisance,Central Midfield,19.0,19/20,mönchengladbach,bayern munich,5000000,8000000.0,0.0,0.0,14,834.031914893617,9.26276595744681,25.55781124771281,13.611702127659576,3.117021276595745,61.212765957446805,0.0810727186966693,350.01111018277595,33.819148936170215,538.9574468085107,27.947916199790505,1,3,1,2,0,Central Midfield
bruno jordao,Defensive Midfield,19.0,19/20,lazio,wolves,1000000,8900000.0,0.0,0.0,3,88.0,1.0,2.185501066098081,1.5,0.0,4.0,0.1052631578947368,4.487179487179487,5.0,62.0,12.778486344536333,0,2,4,-2,0,Defensive Midfield
bryan cristante,Defensive Midfield,23.0,19/20,atalanta,roma,25000000,30600000.0,0.0,0.0682,35,2425.0,26.9,72.49466950959489,63.5,7.0,221.0,0.0380368098159509,69.93197278911565,129.0,2009.0,62.07429648294746,0,2,1,1,1,Defensive Midfield
ibrahima diallo,Defensive Midfield,19.0,19/20,monaco,brest,2500000,2000000.0,0.0,0.0,12,722.9809523809524,8.037142857142857,21.65245202558636,9.495238095238095,1.6095238095238096,51.63809523809524,0.0905972588565678,1108.728687978688,31.866666666666667,517.1047619047619,29.170348846395918,1,2,4,-2,0,Defensive Midfield
idrissa gueye,Defensive Midfield,29.0,19/20,everton,paris sg,25000000,30000000.0,0.0,0.0,22,1521.1692307692308,16.90153846153846,44.58258159750697,23.91538461538461,3.830769230769231,116.81538461538462,0.0531526931336848,987.0565890300466,67.8,1214.0153846153846,45.68108586181248,1,3,1,2,1,Defensive Midfield
sebastian rode,Central Midfield,27.0,19/20,dortmund,frankfurt,3000000,4000000.0,0.0,0.0,12,923.0,10.3,24.46695095948828,33.5,0.0,68.0,0.0298953662182361,39.86301369863014,67.0,852.0,37.54446588741638,0,1,3,-2,1,Central Midfield
christian eriksen,Attacking Midfield,26.0,19/20,tottenham,inter,90000000,27000000.0,0.0,0.0,35,2774.0,30.8,77.34541577825162,144.5,20.0,290.0,0.0390455531453362,241.3223140495868,82.0,2788.0,77.12503998286296,0,2,1,1,1,Attacking Midfield
erick pulgar,Defensive Midfield,24.0,19/20,bologna,fiorentina,10000000,12300000.0,0.0,0.0,28,2357.0,26.2,63.290689410092405,116.0,8.0,167.0,0.0284810126582278,90.03816793893131,150.0,2340.0,67.47652412800248,0,3,3,0,1,Defensive Midfield
edimilson fernandes,Defensive Midfield,22.0,19/20,west ham,mainz,8000000,7500000.0,0.0,0.0,29,1970.0,21.9,59.13290689410093,55.0,2.0,135.0,0.0620503597122302,71.4354066985646,93.0,1442.0,45.47953375025651,0,3,3,0,0,Defensive Midfield
lucas tousart,Central Midfield,21.0,19/20,lyon,hertha bsc,20000000,25000000.0,0.0,0.0,30,1727.0,19.2,56.96517412935323,28.0,0.0,103.0,0.0272502064409578,65.11627906976744,130.0,1664.0,49.96787966574889,0,1,3,-2,0,Central Midfield
alessandro murgia,Central Midfield,21.0,19/20,lazio,spal,5000000,4000000.0,0.2288,0.3097,16,1081.0,12.0,31.34328358208956,33.5,3.0,53.0,0.0496,29.84962406015037,55.0,776.0,33.91020563958048,0,2,5,-3,0,Central Midfield
paul lasne,Central Midfield,29.0,19/20,montpellier,brest,2500000,0.0,0.0,0.0,35,1789.0,19.9,63.78820184790335,50.0,2.0,131.0,0.0436213991769547,52.5938566552901,97.0,1469.0,47.56926307714922,0,3,4,-1,0,Central Midfield
yassine benzia,Attacking Midfield,23.0,19/20,lille,dijon,1000000,1500000.0,0.0,0.0,17,1162.6883116883116,12.916883116883117,33.6741616592363,16.09090909090909,3.324675324675325,88.85714285714286,0.0731277284501161,866.9175788582843,51.18181818181818,911.6103896103896,37.17042355064879,1,2,5,-3,0,Attacking Midfield
youri tielemans,Central Midfield,21.0,19/20,monaco,leicester,38000000,45000000.0,0.0,0.0,33,2766.0,30.7,74.8400852878465,78.5,13.0,292.0,0.0396542958820538,86.99658703071671,118.0,2455.0,70.9119111121507,0,2,3,-1,1,Central Midfield
luca cigarini,Defensive Midfield,34.0,20/21,cagliari,crotone,800000,0.0,0.0,0.0,22,1598.0,17.8,45.70007107320541,48.5,4.0,161.0,0.0193548387096774,297.6148329702252,85.0,1798.0,55.14446882055075,0,4,5,-1,0,Defensive Midfield
lucas da cunha,Central Midfield,19.0,20/21,rennes jugend,nice,1800000,1000000.0,0.0,0.0,2,72.0,0.8,0.7462686567164181,2.0,0.0,3.0,0.0967741935483871,2470.6153530524207,1.0,39.0,26.270653746777363,0,2,3,-1,0,Central Midfield
yassine benrahou,Attacking Midfield,20.0,20/21,g. bordeaux,nîmes,2700000,1500000.0,0.0,0.0,15,930.0,10.3,28.03837953091685,28.0,7.0,59.0,0.1595197255574614,35.05952380952381,22.0,523.0,17.955593488119746,0,3,5,-2,0,Attacking Midfield
pierre-emile hjbjerg,Defensive Midfield,24.0,20/21,southampton,tottenham,20000000,16600000.0,0.0,0.0,26,1825.13698630137,20.27945205479452,53.545871425650624,50.65753424657535,4.780821917808219,136.986301369863,0.0588751266348516,297.6148329702252,82.28767123287672,1443.890410958904,47.04620386992064,1,4,2,2,1,Defensive Midfield
sami khedira,Central Midfield,32.0,20/21,juventus,hertha bsc,2000000,0.0,0.0,0.0,12,681.0,7.6,21.1087420042644,8.5,1.0,29.0,0.0364963503649635,21.04,29.0,484.0,27.901707513999167,0,1,3,-2,0,Central Midfield
james rodriguez,Attacking Midfield,28.0,20/21,real madrid,everton,32000000,0.0,0.6483645989974938,0.1136,8,419.0,4.7,12.739872068230278,14.5,2.0,44.0,0.0316091954022988,19.24778761061947,23.0,408.0,29.067873211602127,0,1,3,-2,0,Attacking Midfield
miralem pjanic,Central Midfield,30.0,20/21,juventus,barcelona,45000000,60000000.0,0.0,0.0,30,2277.0,25.3,64.55223880597015,60.5,9.0,213.0,0.0176710466696873,467.7715458926901,107.0,3097.0,71.61651957938071,0,1,1,0,0,Central Midfield
bryan dabo,Central Midfield,27.0,20/21,fiorentina,benevento,2000000,500000.0,0.1216947368421052,0.3864,16,1122.0,12.5,31.96517412935324,13.5,5.0,85.0,0.0463768115942029,32.6829268292683,40.0,911.0,35.28289555155275,0,3,5,-2,0,Central Midfield
ibrahima diallo,Defensive Midfield,20.0,20/21,brest,southampton,15000000,12000000.0,0.0,0.0,19,1561.0,17.3,41.50675195451316,11.5,1.0,93.0,0.0453629032258064,113.52459016393442,70.0,1367.0,40.03914273236705,0,4,4,0,1,Defensive Midfield
morgan sanson,Central Midfield,24.0,20/21,marseille,aston villa,20000000,15800000.0,0.0,0.0,27,2173.0,24.1,59.48827292110875,33.5,9.0,185.0,0.1009771986970684,1761.1068028706609,122.0,1396.0,56.02019451229422,0,1,3,-2,0,Central Midfield
morgan schneiderlin,Defensive Midfield,29.0,20/21,everton,nice,9500000,2230000.0,0.0,0.0,15,1001.0,11.1,29.033404406538736,4.0,0.0,66.0,0.0160583941605839,54.06976744186046,65.0,927.0,37.74981724716261,0,3,3,0,0,Defensive Midfield
ivan rakitic,Central Midfield,32.0,20/21,barcelona,sevilla fc,20000000,3500000.0,0.0,0.0,31,1589.0,17.7,56.28997867803839,20.0,4.0,141.0,0.0182260024301336,467.7715458926901,61.0,2254.0,54.21087315964691,0,1,2,-1,1,Central Midfield
seko fofana,Central Midfield,25.0,20/21,udinese,lens,9500000,8500000.0,0.0,0.0,32,2249.0,25.0,66.56005685856432,53.5,10.0,173.0,0.0531996915959907,350.01111018277595,54.0,1636.0,50.94602853497004,0,3,5,-2,1,Central Midfield
mijat gacinovic,Attacking Midfield,25.0,20/21,frankfurt,hoffenheim,7000000,3000000.0,0.0,0.0,23,1048.0,11.6,39.17910447761194,15.0,1.0,58.0,0.0831683168316831,88.04997732426304,60.0,502.0,27.401632541637102,0,3,3,0,0,Attacking Midfield
milan badelj,Defensive Midfield,30.0,20/21,lazio,genoa,2000000,1950000.0,0.0760526315789473,0.3381,22,1585.0,17.6,45.45131485429994,20.5,1.0,123.0,0.0314685314685314,1057.7650237786424,95.0,1475.0,51.65508015819999,0,2,4,-2,1,Defensive Midfield
jean-victor makengo,Central Midfield,21.0,20/21,nice,udinese,3600000,3500000.0,0.0,0.3334,19,988.0,11.0,33.67093105899077,11.0,2.0,100.0,0.0738738738738738,28.05447470817121,24.0,678.0,28.79320419452531,0,3,3,0,0,Central Midfield
jeff hendrick,Central Midfield,28.0,20/21,burnley,newcastle,9000000,0.0,0.0,0.0,24,1931.0,21.5,52.68301350390903,15.5,4.0,64.0,0.085,1191.4592274678112,59.0,836.0,36.448641599507226,0,4,3,1,0,Central Midfield
simone muratore,Central Midfield,22.0,20/21,juventus,atalanta,500000,7000000.0,0.0,0.0,4,165.0,1.8,4.371002132196163,4.0,0.0,13.0,0.0324675324675324,467.7715458926901,6.0,221.0,25.64468235959081,0,1,2,-1,0,Central Midfield
simone verdi,Attacking Midfield,27.0,20/21,napoli,torino,13000000,22000000.0,0.35446117467582,0.2614,33,2073.0,23.0,65.2629708599858,53.5,8.0,148.0,0.0683012259194395,935.5405405405404,40.0,1147.0,45.86752004255394,0,1,3,-2,0,Attacking Midfield
maxime gonalons,Defensive Midfield,30.0,20/21,roma,granada,2800000,4000000.0,0.5436309029454369,0.3658,19,1506.0,16.7,40.76048329779673,8.5,0.0,68.0,0.031578947368421,78.77049180327869,109.0,958.0,40.27240627218311,0,1,4,-3,0,Defensive Midfield
dale stephens,Central Midfield,31.0,20/21,brighton,burnley,4800000,1100000.0,0.0,0.0,33,2530.0,28.1,71.60625444207535,21.5,1.0,169.0,0.0162519045200609,350.01111018277595,162.0,2639.0,65.24061959409082,0,3,4,-1,0,Central Midfield
rolando mandragora,Defensive Midfield,22.0,20/21,udinese,juventus,12000000,15000000.0,0.0,0.0,26,2050.0,22.8,56.680881307746986,36.0,2.0,105.0,0.0331179321486268,2137.0144066470684,103.0,1430.0,57.77304318338759,0,3,1,2,0,Defensive Midfield
henrikh mkhitaryan,Central Midfield,30.0,20/21,arsenal,roma,20000000,0.0,0.376472867099255,0.2131,22,1530.0,17.0,44.70504619758351,31.5,14.0,152.0,0.0631929046563192,1266.0352182539682,70.0,1043.0,51.23675256450563,0,1,1,0,1,Central Midfield
borja valero,Central Midfield,34.0,20/21,inter,fiorentina,1200000,0.0,0.0,0.0,19,931.0,10.3,32.800284292821615,11.0,2.0,99.0,0.0273752012882447,46.0,38.0,816.0,36.41700793230464,0,1,3,-2,0,Central Midfield
sofiane boufal,Attacking Midfield,25.0,20/21,southampton,angers,8000000,0.0,0.3902304798139929,0.1932,20,764.0,8.5,31.751954513148544,16.0,2.0,89.0,0.1471774193548387,19.404761904761905,37.0,422.0,19.150276425961884,0,4,4,0,1,Attacking Midfield
dani parejo,Central Midfield,31.0,20/21,valencia,villarreal,20000000,2250000.0,0.0,0.0,25,1633.809523809524,18.154761904761905,49.71274579483536,40.61904761904762,4.261904761904762,119.5,0.0490672040235468,350.01111018277595,62.023809523809526,1253.357142857143,43.85401463809271,1,3,2,1,1,Central Midfield
harrison reed,Central Midfield,24.0,20/21,southampton,fulham,2400000,6500000.0,0.4582,0.387,26,1825.13698630137,20.27945205479452,53.545871425650624,50.65753424657535,4.780821917808219,136.986301369863,0.0588751266348516,77.86290322580645,82.28767123287672,1443.890410958904,45.889360752284944,1,4,4,0,0,Central Midfield
stefano sensi,Central Midfield,23.0,20/21,sassuolo,inter,20000000,25000000.0,0.6543104958929116,0.221,12,723.0,8.0,21.60625444207534,17.0,5.0,81.0,0.0428571428571428,41.51832460732984,42.0,719.0,34.702481267060804,0,3,1,2,1,Central Midfield
steven zuber,Attacking Midfield,27.0,20/21,hoffenheim,frankfurt,4500000,3000000.0,0.0,0.0,21,1302.140350877193,14.47017543859649,40.36802204516266,37.06140350877193,4.350877192982456,84.3859649122807,0.0615486228466624,674.2779076302556,57.07017543859649,917.9824561403508,39.40967003351313,1,3,3,0,0,Attacking Midfield
baptiste santamaria,Defensive Midfield,24.0,20/21,angers,freiburg,7000000,10000000.0,0.0,0.0,28,2505.0,27.8,65.2807391613362,14.5,2.0,201.0,0.0341726618705036,1057.7650237786424,161.0,2136.0,65.39694702746864,0,4,3,1,1,Defensive Midfield
jordan veretout,Central Midfield,26.0,20/21,fiorentina,roma,24000000,17500000.0,0.0,0.125,33,2629.0,29.2,72.97441364605545,43.5,6.0,257.0,0.0212652844231791,889.1044122661906,89.0,2629.0,69.40693302863801,0,3,1,2,1,Central Midfield
artur ionita,Central Midfield,29.0,20/21,cagliari,benevento,2500000,1500000.0,0.0,0.0,34,1897.0,21.1,64.09026297086,20.0,2.0,85.0,0.0318543799772468,1191.4592274678112,88.0,1070.0,47.39786454703238,0,4,5,-1,0,Central Midfield
arturo vidal,Central Midfield,33.0,20/21,barcelona,inter,11000000,1000000.0,0.0,0.0,33,1671.0,18.6,59.7903340440654,27.5,10.0,103.0,0.0261348005502063,467.7715458926901,111.0,1863.0,55.50369724510219,0,1,1,0,0,Central Midfield
thiago alcantara,Central Midfield,29.0,20/21,bayern munich,liverpool,48000000,22000000.0,0.0,0.0,24,1771.0,19.7,50.44420753375977,25.0,3.0,257.0,0.0231641202562838,467.7715458926901,102.0,2996.0,68.15462008164675,0,1,1,0,0,Central Midfield
geoffrey kondogbia,Defensive Midfield,27.0,20/21,valencia,atlético,17500000,16000000.0,0.0,0.0,27,1807.0,20.1,54.513148542999296,6.5,2.0,119.0,0.028281363306744,987.0565890300466,145.0,1756.0,56.91979234676942,0,3,1,2,1,Defensive Midfield
nicolo barella,Central Midfield,22.0,20/21,cagliari,inter,50000000,32500000.0,0.2162368421052631,0.0597,18,898.425925925926,9.99074074074074,31.225157282371217,24.75,2.537037037037037,64.94444444444444,0.0786411392874929,1106.1174768518515,37.61111111111112,637.9444444444445,33.7940244222011,1,4,1,3,1,Central Midfield
nicolo rovella,Defensive Midfield,18.0,20/21,genoa,juventus,4000000,26000000.0,0.0,0.0,2,105.0,1.2,1.2437810945273633,0.0,0.0,4.0,0.0263157894736842,297.6148329702252,4.0,112.0,23.898943623914256,0,4,1,3,0,Defensive Midfield
romain philippoteaux,Left Midfield,32.0,20/21,nîmes,brest,800000,500000.0,0.0,0.0,27,1994.0,22.2,57.125088841506766,25.0,7.0,136.0,0.0718635809987819,1057.7650237786424,58.0,809.0,42.79754814018195,0,5,4,1,0,Central Midfield
roque mesa,Central Midfield,30.0,20/21,sevilla fc,real valladolid,5500000,0.0,0.0,0.0,29,2012.0,22.4,59.754797441364616,32.5,4.0,172.0,0.0718038528896672,1907.873161996447,64.0,1367.0,52.618483679287046,0,2,5,-3,0,Central Midfield
david silva,Attacking Midfield,34.0,20/21,man city,real sociedad,12000000,0.0,0.0,0.0,27,1826.0,20.3,54.76190476190477,57.5,16.0,285.0,0.0310122878876536,693.5846566504367,57.0,2086.0,67.23281783341989,0,1,3,-2,1,Attacking Midfield
giovani lo celso,Attacking Midfield,23.0,20/21,real betis,tottenham,40000000,32000000.0,0.0,0.0,28,1492.0,16.6,51.35039090262973,32.0,2.0,174.0,0.0576619273301737,985.9022131575124,80.0,1530.0,51.15632086578131,0,3,2,1,0,Attacking Midfield
thomas partey,Defensive Midfield,27.0,20/21,atlético,arsenal,40000000,50000000.0,0.0,0.0,35,2549.0,28.3,74.23596304193319,22.5,3.0,216.0,0.0196275792652239,1654.8374694813776,150.0,2664.0,74.31384808775925,0,1,1,0,1,Defensive Midfield
arthur melo,Defensive Midfield,23.0,20/21,barcelona,juventus,56000000,80600000.0,0.0,0.0,21,1182.0,13.1,38.66382373845062,15.5,6.0,118.0,0.0367132867132867,1654.8374694813776,28.0,1630.0,50.78696412920347,0,1,1,0,0,Defensive Midfield
tobias strobl,Defensive Midfield,29.0,20/21,mönchengladbach,augsburg,3500000,0.0,0.0,0.0,10,615.0,6.8,17.732764747690123,4.5,0.0,35.0,0.0114678899082568,22.40601503759398,28.0,593.0,31.2352401867943,0,3,3,0,0,Defensive Midfield
francesco cassata,Central Midfield,22.0,20/21,sassuolo,genoa,2500000,7000000.0,0.3229480796586059,0.3062,24,1458.0,16.2,46.090973702914,10.5,2.0,96.0,0.0590452261306532,1346.0695979822008,43.0,874.0,40.0540183982519,0,3,4,-1,0,Central Midfield
francis coquelin,Defensive Midfield,29.0,20/21,valencia,villarreal,14000000,7100000.0,0.0,0.0,26,1905.0,21.2,54.69083155650321,7.0,0.0,99.0,0.0488815244407622,987.0565890300466,94.0,1621.0,47.513641422765545,0,3,2,1,0,Defensive Midfield
giacomo bonaventura,Attacking Midfield,30.0,20/21,ac milan,fiorentina,7000000,0.0,0.0,0.0,29,1338.0,14.9,50.426439232409386,32.5,8.0,110.0,0.0581395348837209,693.5846566504367,31.0,952.0,40.475161996460805,0,1,3,-2,0,Attacking Midfield
mario pasalic,Central Midfield,25.0,20/21,chelsea,atalanta,25000000,14500000.0,0.0,0.2725,35,2417.0,26.9,72.49466950959489,47.5,14.0,226.0,0.0397196261682243,467.7715458926901,101.0,2219.0,64.85135036893496,0,1,2,-1,1,Central Midfield
marko rog,Central Midfield,23.0,20/21,napoli,cagliari,13000000,15000000.0,0.2103894736842105,0.2551,30,2317.0,25.7,65.0497512437811,34.0,2.0,201.0,0.0524899057873485,1761.1068028706609,131.0,1800.0,63.44460200450276,0,1,4,-3,0,Central Midfield
karol linetty,Central Midfield,25.0,20/21,sampdoria,torino,10000000,7500000.0,0.0,0.0,28,2019.0,22.4,58.564321250888426,31.5,7.0,143.0,0.0736434108527131,350.01111018277595,113.0,1081.0,45.92142330656591,0,3,3,0,0,Central Midfield
kevin volland,Attacking Midfield,27.0,20/21,leverkusen,monaco,28000000,11000000.0,0.0,0.0,21,1302.140350877193,14.47017543859649,40.36802204516266,37.06140350877193,4.350877192982456,84.3859649122807,0.0615486228466624,935.5405405405404,57.07017543859649,917.9824561403508,40.7850385189192,1,1,2,-1,1,Attacking Midfield
angel gomes,Attacking Midfield,19.0,20/21,man utd,lille,3600000,0.0,0.0,0.0,2,21.0,0.2,0.0,2.0,0.0,6.0,0.0625,693.5846566504367,1.0,21.0,21.07160445792174,0,1,2,-1,1,Attacking Midfield
vincent pajot,Defensive Midfield,28.0,20/21,angers,fc mtz,1600000,700000.0,0.0,0.0,13,632.0,7.0,21.55294953802417,14.5,4.0,34.0,0.0425531914893617,23.106796116504853,40.0,456.0,29.66642906878,0,4,5,-1,0,Defensive Midfield
allan,Defensive Midfield,22.0,20/21,napoli,everton,28000000,24600000.0,0.0,0.0,23,1280.0,14.2,42.41293532338309,17.0,3.0,107.0,0.0449550449550449,1006.408729246488,85.0,1352.0,47.79628473977938,0,1,3,-2,0,Defensive Midfield
manolo portanova,Attacking Midfield,20.0,20/21,juventus,genoa,1000000,12250000.0,0.0,0.0,18,898.425925925926,9.99074074074074,31.225157282371217,24.75,2.537037037037037,64.94444444444444,0.0786411392874929,693.5846566504367,37.61111111111112,637.9444444444445,31.622322201411063,1,1,4,-3,0,Attacking Midfield
kevin n'doram,Defensive Midfield,23.0,20/21,monaco,fc mtz,2800000,4500000.0,0.0,0.0,20,1646.0,18.3,43.94100923951671,6.0,0.0,107.0,0.0414364640883977,60.725190839694655,89.0,1584.0,43.27509605101775,0,2,5,-3,0,Defensive Midfield
vlad chiriches,Defensive Midfield,29.0,20/21,napoli,sassuolo,5000000,9500000.0,0.8973777777777777,0.3239,24,1514.9791666666667,16.83125,46.87611051883441,47.46875,4.9375,122.375,0.0512167787894394,1675.6868763202278,59.395833333333336,1184.5416666666667,50.73649678361049,1,1,3,-2,1,Defensive Midfield
lucas paqueta,Attacking Midfield,21.0,20/21,ac milan,lyon,20000000,23000000.0,0.0,0.0,24,1103.0,12.3,41.240227434257285,19.5,1.0,104.0,0.0923694779116465,693.5846566504367,58.0,834.0,34.25047309392072,0,1,1,0,1,Attacking Midfield
leonardo bittencourt,Central Midfield,25.0,20/21,hoffenheim,werder bremen,4800000,7000000.0,0.1847012204424103,0.3646,29,1892.0,21.0,58.01350390902631,35.0,6.0,117.0,0.0744769874476987,889.1044122661906,85.0,1207.0,45.45969903905439,0,3,3,0,0,Central Midfield
rafinha,Attacking Midfield,26.0,20/21,barcelona,paris sg,9500000,1500000.0,0.0,0.0,32,2297.0,25.5,67.18194740582801,30.0,5.0,229.0,0.0641368252271512,935.5405405405404,145.0,2251.0,64.13143378754125,0,1,1,0,0,Attacking Midfield
emmanuel badu,Central Midfield,28.0,20/21,udinese,hellas verona,850000,800000.0,0.7348686131386862,0.4669,24,1514.9791666666667,16.83125,46.87611051883441,47.46875,4.9375,122.375,0.0512167787894394,1095.0314734449155,59.395833333333336,1184.5416666666667,47.67974452975982,1,3,4,-1,0,Central Midfield
alfred duncan,Central Midfield,26.0,20/21,sassuolo,fiorentina,15000000,15000000.0,0.3336561403508771,0.25,26,1730.0,19.2,52.20326936744848,21.5,8.0,139.0,0.0675300647548566,889.1044122661906,56.0,1296.0,45.61508014227704,0,3,3,0,1,Central Midfield
alberto grassi,Defensive Midfield,24.0,20/21,napoli,parma,5500000,8450000.0,0.5480400931529581,0.4422,16,641.0,7.1,25.24875621890548,6.0,2.0,32.0,0.047923322683706,19.393939393939394,34.0,365.0,26.59944155542662,0,1,4,-3,0,Defensive Midfield
adam lallana,Attacking Midfield,31.0,20/21,liverpool,brighton,9500000,0.0,0.0,0.0,15,382.0,4.2,20.45131485429993,4.5,2.0,32.0,0.0529411764705882,34.552845528455286,31.0,408.0,26.008207667862845,0,1,3,-2,1,Attacking Midfield
oscar rodriguez,Attacking Midfield,22.0,20/21,real madrid,sevilla fc,15000000,13500000.0,0.0,0.0,16,806.8169014084507,8.964788732394366,27.56814518954524,19.274647887323944,1.704225352112676,52.69014084507042,0.0785734321912713,693.5846566504367,32.394366197183096,500.4225352112676,29.023569737566515,1,1,2,-1,0,Attacking Midfield
adrien silva,Central Midfield,31.0,20/21,leicester,sampdoria,8000000,0.0,0.0,0.0,22,1221.0,13.6,40.47619047619048,16.5,2.0,106.0,0.0253807106598984,350.01111018277595,68.0,1365.0,44.88656396690602,0,3,3,0,0,Central Midfield
adrien tameze,Defensive Midfield,26.0,20/21,nice,hellas verona,4500000,3900000.0,0.0,0.1761,15,730.0,8.1,25.302061122956648,12.0,1.0,47.0,0.0375494071146245,1537.3061801454894,30.0,659.0,38.15043923927224,0,3,4,-1,0,Defensive Midfield
abdoulaye toure,Defensive Midfield,26.0,21/22,nantes,genoa,4000000,3500000.0,0.0,0.0,29,1681.0,18.7,55.152807391613365,34.5,4.0,123.0,0.0404929577464788,114.89208633093526,67.0,1574.0,45.79453679916462,0,3,4,-1,0,Defensive Midfield
pierre lees-melou,Defensive Midfield,27.0,21/22,nice,norwich,7000000,3900000.0,0.0,0.0,29,2063.0,22.9,60.3766879886283,39.5,6.0,179.0,0.0307797537619699,98.64583333333334,146.0,1838.0,59.31674534335017,0,3,5,-2,0,Defensive Midfield
emiliano buendia,Attacking Midfield,24.0,21/22,norwich,aston villa,35000000,38400000.0,0.0,0.0,24,1617.8181818181818,17.977922077922077,48.30231957097629,46.14935064935065,4.831168831168832,113.15584415584416,0.0722433364877761,38.52843613630935,70.01298701298701,1075.8051948051948,39.18013355108428,1,5,3,2,1,Attacking Midfield
luka ilic,Attacking Midfield,20.0,21/22,man city,troyes,800000,150000.0,0.0,0.0,24,1308.0,14.5,43.97654584221749,37.0,4.0,83.0,0.0624187256176853,693.5846566504367,53.0,870.0,38.558284162359726,0,1,5,-4,0,Attacking Midfield
yacine adli,Defensive Midfield,20.0,21/22,g. bordeaux,ac milan,9000000,9000000.0,0.0,0.0,35,2418.0,26.9,72.49466950959489,105.0,7.0,242.0,0.0432291666666666,152.47058823529414,140.0,2544.0,69.72039791893936,0,3,1,2,0,Defensive Midfield
xherdan shaqiri,Attacking Midfield,28.0,21/22,liverpool,lyon,12000000,6000000.0,0.0,0.0,14,556.0,6.2,21.748400852878465,35.0,2.0,59.0,0.0419287211740041,30.932642487046632,13.0,565.0,30.070304173912973,0,1,1,0,0,Attacking Midfield
will hughes,Central Midfield,25.0,21/22,watford,crystal palace,7000000,7000000.0,0.0,0.0,30,1946.0,21.6,59.95024875621891,36.5,2.0,121.0,0.026610644257703,144.48818897637796,128.0,1810.0,53.44675004992061,0,5,3,2,1,Central Midfield
lazar samardzic,Attacking Midfield,19.0,21/22,leipzig,udinese,3000000,3000000.0,0.0,0.0,7,200.0,2.2,8.43994314143568,4.5,1.0,5.0,0.0957446808510638,693.5846566504367,18.0,94.0,19.4273863885447,0,1,3,-2,0,Attacking Midfield
lassana coulibaly,Central Midfield,24.0,21/22,angers,salernitana,2000000,0.0,0.0,0.0,29,1687.0,18.7,55.152807391613365,15.0,2.0,85.0,0.0480349344978165,59.01041666666667,140.0,1112.0,43.82413790580908,0,4,5,-1,0,Central Midfield
rani khedira,Defensive Midfield,26.0,21/22,augsburg,union berlin,5000000,0.0,0.0,0.0,27,1818.0,20.2,54.63752665245204,14.0,1.0,65.0,0.026284348864994,39.07563025210085,74.0,915.0,38.01606946058918,0,3,5,-2,0,Defensive Midfield
eduardo camavinga,Central Midfield,17.0,21/22,rennes jugend,real madrid,55000000,31000000.0,0.0,0.0,35,2402.0,26.7,72.24591329068942,48.5,3.0,270.0,0.0456905503634475,174.49367088607593,157.0,2684.0,68.68269440894295,0,2,1,1,1,Central Midfield
pape matar sarr,Central Midfield,17.0,21/22,fc mtz,tottenham,10000000,16900000.0,0.0,0.0,22,1594.0,17.7,45.575692963752665,37.5,3.0,143.0,0.041083916083916,123.33333333333334,96.0,1525.0,48.83220639714719,0,5,2,3,1,Central Midfield
marcel sabitzer,Central Midfield,26.0,21/22,leipzig,bayern munich,42000000,15000000.0,0.0,0.0,27,2026.0,22.5,57.49822316986496,63.5,11.0,195.0,0.0379987333755541,415.5102040816326,71.0,1958.0,58.72100044788413,0,1,1,0,0,Central Midfield
toma basic,Central Midfield,23.0,21/22,g. bordeaux,lazio,9000000,7100000.0,0.0,0.0,34,2601.0,28.9,73.79175550817342,55.0,5.0,142.0,0.043312101910828,139.46666666666664,86.0,2016.0,52.54926502170902,0,3,2,1,0,Central Midfield
tobias raschl,Central Midfield,21.0,21/22,dortmund,greuther fürth,600000,100000.0,0.0,0.0,18,966.089552238806,10.740298507462686,32.15744306187613,28.29850746268657,3.776119402985074,61.26865671641791,0.1101076073635702,467.7715458926901,36.88059701492537,531.5970149253732,26.402597768850477,1,1,5,-4,0,Central Midfield
marco richter,Attacking Midfield,22.0,21/22,augsburg,hertha bsc,5000000,7100000.0,0.0,0.0,29,1416.0,15.7,51.42146410803127,39.5,4.0,70.0,0.1256906077348066,39.94535519125683,33.0,624.0,23.761722043303163,0,3,3,0,0,Attacking Midfield
martin degaard,Attacking Midfield,21.0,21/22,real madrid,arsenal,40000000,35000000.0,0.6268115170278639,0.3707,21,1100.0,12.2,37.54442075337598,49.0,3.0,108.0,0.0395408163265306,57.73480662983425,16.0,978.0,37.26557821840133,0,1,1,0,1,Attacking Midfield
mario lemina,Defensive Midfield,26.0,21/22,southampton,nice,10000000,5500000.0,0.5169164912280702,0.4072,28,1703.0,18.9,54.21108742004265,25.5,1.0,97.0,0.0423654015887025,93.11258278145696,118.0,1391.0,45.492716496924245,0,4,3,1,0,Defensive Midfield
antonin barak,Attacking Midfield,25.0,21/22,udinese,hellas verona,14000000,6000000.0,0.1458210526315789,0.3602,34,2765.0,30.7,76.0305614783227,52.0,10.0,211.0,0.0450563204005006,129.24528301886792,68.0,1954.0,55.969315188723066,0,3,4,-1,0,Attacking Midfield
denis zakaria,Defensive Midfield,23.0,21/22,mönchengladbach,juventus,27000000,11350000.0,0.0,0.0,25,1419.0,15.8,46.783937455579256,19.5,2.0,86.0,0.0341463414634146,53.95939086294416,73.0,1036.0,39.69746856349401,0,3,1,2,1,Defensive Midfield
dele alli,Attacking Midfield,24.0,21/22,tottenham,everton,25000000,0.0,0.0,0.0,15,620.0,6.9,23.80952380952381,20.0,1.0,41.0,0.0653153153153153,36.89189189189189,34.0,516.0,26.503206838043223,0,2,3,-1,0,Attacking Midfield
thomas delaney,Central Midfield,28.0,21/22,dortmund,sevilla fc,15000000,6000000.0,0.0,0.0,20,1286.0,14.3,38.96588486140725,13.5,2.0,63.0,0.0235655737704918,133.95833333333334,90.0,1267.0,42.586934918311286,0,1,2,-1,1,Central Midfield
davide zappacosta,Right Midfield,28.0,21/22,chelsea,atalanta,8000000,9000000.0,0.4972390804597701,0.3062,24,1646.0,18.291666666666668,48.69254915896708,49.520833333333336,4.979166666666667,126.25,0.0540627866620402,1057.7650237786424,73.10416666666667,1283.125,49.25567592604661,1,1,2,-1,1,Central Midfield
georginio wijnaldum,Central Midfield,29.0,21/22,liverpool,paris sg,30000000,0.0,0.0,0.0,38,2941.0,32.7,83.28002842928217,55.0,2.0,195.0,0.0324189526184538,132.32142857142858,67.0,2905.0,59.643348544315785,0,1,1,0,0,Central Midfield
batista mendy,Defensive Midfield,21.0,21/22,nantes,angers,500000,0.0,0.0,0.0,19,965.5242718446602,10.730097087378642,33.33523091891445,25.611650485436893,2.3592233009708736,69.72815533980582,0.0882581184353654,987.0565890300466,43.53398058252427,695.2912621359224,33.12483849192289,1,3,4,-1,0,Defensive Midfield
baptiste santamaria,Defensive Midfield,25.0,21/22,freiburg,rennes jugend,15000000,14000000.0,0.0,0.0,33,2479.0,27.5,70.85998578535893,42.5,3.0,144.0,0.0575307045895281,56.3963963963964,159.0,1819.0,53.95492227588236,0,3,2,1,1,Defensive Midfield
rodrigo de paul,Central Midfield,26.0,21/22,udinese,atlético,38000000,35000000.0,0.0,0.0,36,3201.0,35.6,84.50604122245915,172.0,18.0,475.0,0.0584772370486656,86.75516224188792,90.0,2806.0,86.11981261845733,0,3,1,2,1,Central Midfield
rodrigo bentancur,Central Midfield,23.0,21/22,juventus,tottenham,25000000,19000000.0,0.0,0.0,33,2324.0,25.8,68.74555792466242,63.5,4.0,208.0,0.0211565585331452,96.75324675324676,145.0,2955.0,69.60212114685845,0,1,2,-1,1,Central Midfield
nils seufert,Central Midfield,23.0,21/22,arm. bielefeld,greuther fürth,800000,0.0,0.0,0.0,13,343.0,3.8,17.572850035536604,9.0,1.0,20.0,0.0560747663551401,11.074380165289256,20.0,260.0,22.884907845603657,0,5,5,0,0,Central Midfield
daniele baselli,Central Midfield,28.0,21/22,torino,cagliari,1900000,0.0,0.0,0.0,15,396.0,4.4,20.700071073205404,16.0,0.0,32.0,0.0219780219780219,10.838709677419354,23.0,327.0,28.345423966253463,0,3,4,-1,0,Central Midfield
daniel wass,Central Midfield,31.0,21/22,valencia,atlético,6000000,2700000.0,0.0,0.0,35,2979.0,33.1,80.20611229566454,74.0,5.0,159.0,0.0211776859504132,68.98203592814372,132.0,2215.0,61.9717390097781,0,3,1,2,0,Central Midfield
joe willock,Central Midfield,20.0,21/22,arsenal,newcastle,16000000,29400000.0,0.0,0.0,21,1216.0,13.5,39.16133617626156,28.5,8.0,71.0,0.097069597069597,16.533742331288344,79.0,492.0,30.977121435468437,0,1,3,-2,0,Central Midfield
maxime lopez,Defensive Midfield,22.0,21/22,marseille,sassuolo,10000000,2500000.0,0.0,0.1847,33,1998.0,22.2,64.2679459843639,51.0,2.0,200.0,0.0153846153846153,80.50704225352112,52.0,2811.0,59.62077286908568,0,1,3,-2,0,Defensive Midfield
hakan calhanoglu,Defensive Midfield,26.0,21/22,ac milan,inter,35000000,0.0,0.0,0.0,33,2614.0,29.0,72.72565742714998,186.0,13.0,263.0,0.0573347107438016,78.16326530612245,62.0,2105.0,66.47450486396703,0,1,1,0,1,Defensive Midfield
brandon soppy,Right Midfield,18.0,21/22,rennes jugend,udinese,7000000,2000000.0,0.0,0.0,19,965.5242718446602,10.730097087378642,33.33523091891445,25.611650485436893,2.3592233009708736,69.72815533980582,0.0882581184353654,1057.7650237786424,43.53398058252427,695.2912621359224,33.49706988116639,1,2,3,-1,1,Central Midfield
boubakary soumare,Defensive Midfield,21.0,21/22,lille,leicester,28000000,20000000.0,0.0,0.0,32,1919.0,21.3,61.95806680881309,30.5,1.0,210.0,0.0249130938586326,85.38461538461539,97.0,2626.0,60.138850899268064,0,2,3,-1,1,Defensive Midfield
ibrahim amadou,Defensive Midfield,27.0,21/22,sevilla fc,fc mtz,2500000,0.0,0.0,0.0,24,1504.0,16.7,46.71286425017768,16.5,0.0,77.0,0.037037037037037,78.42465753424659,76.0,1131.0,38.903373582597766,0,2,5,-3,0,Defensive Midfield
bruno guimaraes,Central Midfield,22.0,21/22,lyon,newcastle,30000000,42100000.0,0.0,0.0,33,1754.0,19.5,60.90973702914003,51.0,4.0,237.0,0.0257948410317936,75.7680250783699,114.0,2361.0,63.58001411163094,0,1,3,-2,1,Central Midfield
jean lucas,Central Midfield,22.0,21/22,lyon,monaco,4500000,11000000.0,0.0,0.0,24,1183.0,13.1,42.23525230987918,27.5,2.0,115.0,0.0435255712731229,41.21405750798722,42.0,1256.0,39.38749922871664,0,1,2,-1,0,Central Midfield
michael cuisance,Central Midfield,21.0,21/22,bayern munich,venezia,5000000,2300000.0,0.2491591638671146,0.2396,18,966.089552238806,10.740298507462686,32.15744306187613,28.29850746268657,3.776119402985074,61.26865671641791,0.1101076073635702,467.7715458926901,36.88059701492537,531.5970149253732,26.402597768850477,1,1,5,-4,0,Central Midfield
carles alena,Central Midfield,22.0,21/22,barcelona,getafe,15000000,5000000.0,0.0,0.221,24,1414.0,15.7,45.46908315565032,58.5,4.0,105.0,0.0640522875816993,36.41350210970464,32.0,811.0,35.2727728859383,0,1,3,-2,0,Central Midfield
moussa sissoko,Central Midfield,30.0,21/22,tottenham,watford,10000000,3500000.0,0.0,0.0,25,1585.0,17.6,49.022743425728514,12.5,0.0,89.0,0.0335429769392033,44.8014440433213,56.0,1207.0,38.39087578347689,0,2,5,-3,1,Central Midfield
ilaix moriba,Central Midfield,17.0,21/22,barcelona,leipzig,25000000,16600000.0,0.0,0.0,14,542.0,6.0,21.499644633972995,13.0,3.0,41.0,0.0467706013363029,18.57575757575757,35.0,593.0,29.5131397228439,0,1,1,0,0,Central Midfield
jakub jankto,Left Midfield,24.0,21/22,sampdoria,getafe,11000000,5160000.0,0.0,0.0,35,2409.0,26.8,72.37029140014216,65.0,9.0,140.0,0.062127659574468,47.07581227436823,68.0,1146.0,44.843953092143614,0,3,3,0,1,Central Midfield
cem turkmen,Central Midfield,19.0,21/22,leverkusen,clermont foot,400000,0.0,0.0,0.0,18,966.089552238806,10.740298507462686,32.15744306187613,28.29850746268657,3.776119402985074,61.26865671641791,0.1101076073635702,467.7715458926901,36.88059701492537,531.5970149253732,26.402597768850477,1,1,5,-4,0,Central Midfield
imran louza,Central Midfield,22.0,21/22,nantes,watford,12000000,10000000.0,0.0,0.0,33,2379.0,26.4,69.49182658137883,55.5,9.0,185.0,0.0446260213702074,350.01111018277595,109.0,1964.0,59.037064749786296,0,3,5,-2,1,Central Midfield
saif-eddine khaoui,Attacking Midfield,26.0,21/22,marseille,clermont foot,1800000,0.0,0.0,0.0,23,1437.5194805194806,15.972727272727274,44.61781999095433,40.96103896103896,4.818181818181818,104.46753246753246,0.0779731731943663,693.5846566504367,57.42857142857143,981.7012987012988,39.50903807920936,1,1,5,-4,0,Attacking Midfield
ivan radovanovic,Defensive Midfield,32.0,21/22,genoa,salernitana,500000,0.0,0.0,0.0,33,2232.0,24.8,67.50177683013506,9.0,0.0,59.0,0.00647016534867,297.6148329702252,94.0,1580.0,46.54729817799224,0,4,5,-1,0,Defensive Midfield
monchu,Central Midfield,21.0,21/22,barcelona,granada,4000000,750000.0,0.0725333333333333,0.3011,17,806.0701754385965,8.956140350877194,28.74786468659211,18.34210526315789,1.4736842105263157,52.01754385964912,0.0937590251946371,467.7715458926901,33.01754385964912,520.5964912280701,26.0200453363498,1,1,4,-3,0,Central Midfield
enzo millot,Attacking Midfield,19.0,21/22,monaco,stuttgart,1000000,1750000.0,0.0,0.0,19,965.5242718446602,10.730097087378642,33.33523091891445,25.611650485436893,2.3592233009708736,69.72815533980582,0.0882581184353654,3.3919062832800853,43.53398058252427,695.2912621359224,27.94651892212264,1,2,3,-1,1,Attacking Midfield
lennart czyborra,Left Midfield,21.0,21/22,atalanta,genoa,3500000,5500000.0,0.1915824561403508,0.2386,18,966.8870967741937,10.737096774193548,32.15346080656625,26.58870967741936,2.306451612903226,61.274193548387096,0.0918157775245642,1057.7650237786424,41.70967741935484,594.983870967742,31.854767529050022,1,2,4,-2,0,Central Midfield
albin ekdal,Defensive Midfield,32.0,22/23,sampdoria,spezia,1000000,0.0,0.0,0.0,26,1637.0,18.2,50.95948827292112,16.5,1.0,72.0,0.0255047821466524,37.29032258064516,99.0,1136.0,42.10417503275447,0,3,5,-2,0,Defensive Midfield
luca valzania,Central Midfield,25.0,22/23,atalanta,cremonese,1200000,3000000.0,0.0,0.4192,28,1629.0,18.1,53.21606254442077,35.0,3.0,107.0,0.0378006872852233,53.718592964824126,100.0,1021.0,43.880635966248526,0,2,5,-3,0,Central Midfield
ajdin hrustic,Attacking Midfield,25.0,22/23,frankfurt,hellas verona,3000000,500000.0,0.0,0.0,23,964.0,10.7,38.059701492537314,24.5,2.0,71.0,0.0522088353413654,28.95833333333333,44.0,931.0,33.76755938365749,0,3,4,-1,0,Attacking Midfield
morgan gibbs-white,Attacking Midfield,21.0,22/23,wolves,nott'm forest,11000000,29500000.0,0.0,0.0,35,2865.0,31.8,78.58919687277897,114.0,20.0,282.0,0.0917721518987341,76.64259927797835,57.0,1809.0,59.57147840531831,0,4,5,-1,1,Attacking Midfield
morten thorsby,Central Midfield,25.0,22/23,sampdoria,union berlin,7000000,3000000.0,0.0,0.0,35,2943.0,32.7,79.7085998578536,36.0,4.0,106.0,0.0640357408786299,115.0,108.0,1467.0,44.87049555361077,0,3,5,-2,0,Central Midfield
sasa lukic,Central Midfield,24.0,22/23,torino,fulham,13000000,9800000.0,0.0835315789473684,0.2301,35,2982.0,33.1,80.20611229566454,72.0,9.0,216.0,0.0250122609122118,88.77358490566039,109.0,2766.0,67.69411501535174,0,3,4,-1,1,Central Midfield
cesare casadei,Central Midfield,18.0,22/23,inter,chelsea,1000000,14860000.0,0.0,0.0,16,712.969696969697,7.922727272727272,26.27204884667572,19.613636363636363,1.8484848484848484,45.78787878787879,0.0789910268317453,467.7715458926901,28.227272727272727,468.6818181818182,26.92044168331367,1,1,1,0,0,Central Midfield
cheick doucoure,Defensive Midfield,21.0,22/23,lens,crystal palace,15000000,22600000.0,0.0,0.0,34,2946.0,32.7,78.51812366737741,89.0,5.0,320.0,0.0296397628818969,110.9090909090909,173.0,3140.0,80.34767165949738,0,5,3,2,1,Defensive Midfield
cheikhou kouyate,Defensive Midfield,31.0,22/23,crystal palace,nott'm forest,4000000,0.0,0.0,0.0,27,1974.0,21.9,56.75195451314855,12.5,1.0,61.0,0.0387523629489603,55.625,130.0,1237.0,42.98196792178221,0,3,5,-2,1,Defensive Midfield
christian eriksen,Attacking Midfield,29.0,22/23,brentford,man utd,20000000,0.0,0.0,0.0,11,939.0,10.4,23.400852878464825,58.5,5.0,103.0,0.0364864864864864,34.96,31.0,852.0,38.984394704651095,0,5,1,4,1,Attacking Midfield
munir el haddadi,Attacking Midfield,25.0,22/23,sevilla fc,getafe,8000000,0.0,0.0,0.0,16,474.0,5.3,23.00995024875622,13.0,2.0,18.0,0.1268292682926829,9.95475113122172,20.0,192.0,14.483822570972972,0,2,3,-1,0,Attacking Midfield
isco,Attacking Midfield,29.0,22/23,real madrid,sevilla fc,7500000,0.0,0.0,0.0,14,331.0,3.7,18.63894811656006,21.0,1.0,58.0,0.0539682539682539,15.48148148148148,12.0,401.0,26.2148528144758,0,1,2,-1,0,Attacking Midfield
remy cabella,Attacking Midfield,31.0,22/23,montpellier,lille,6500000,0.0,0.0,0.0,5,313.0,3.5,7.67590618336887,16.0,0.0,52.0,0.0470588235294117,11.649484536082474,27.0,298.0,26.64048305569544,0,3,2,1,0,Attacking Midfield
carlos soler,Central Midfield,24.0,22/23,valencia,paris sg,50000000,18000000.0,0.0,0.0,32,2474.0,27.5,69.66950959488274,97.0,16.0,141.0,0.0425531914893617,43.42281879194631,62.0,1205.0,51.50517105781847,0,3,1,2,0,Central Midfield
carney chukwuemeka,Central Midfield,17.0,22/23,aston villa,chelsea,6000000,18000000.0,0.0,0.0,12,301.0,3.3,15.760483297796732,4.5,1.0,16.0,0.0898203592814371,7.4721189591078065,11.0,187.0,17.138604061218917,0,3,1,2,0,Central Midfield
casemiro,Defensive Midfield,29.0,22/23,real madrid,man utd,40000000,70650000.0,0.0,0.0,32,2569.0,28.5,70.9132906894101,58.5,4.0,185.0,0.019966015293118,128.1779661016949,182.0,2995.0,71.66010719087018,0,1,1,0,1,Defensive Midfield
milos pantovic,Attacking Midfield,26.0,22/23,vfl bochum,union berlin,2200000,0.0,0.0,0.0,28,1533.0,17.0,51.847903340440666,60.0,7.0,66.0,0.0648967551622418,1057.7650237786424,63.0,629.0,40.98895755457241,0,5,5,0,0,Attacking Midfield
james garner,Defensive Midfield,20.0,22/23,man utd,everton,7000000,10400000.0,0.0,0.0,41,3304.0,36.7,91.8265813788202,153.0,12.0,199.0,0.031947261663286,111.3,178.0,2157.0,73.80588748784746,0,1,3,-2,0,Defensive Midfield
salis abdul samed,Defensive Midfield,21.0,22/23,clermont foot,lens,3000000,5000000.0,0.0,0.0,31,2462.0,27.4,68.35465529495382,42.0,1.0,132.0,0.0369609856262833,117.08154506437768,103.0,2681.0,55.95093385093349,0,5,5,0,1,Defensive Midfield
idrissa gueye,Defensive Midfield,32.0,22/23,paris sg,everton,12000000,4000000.0,0.0,0.0,23,1455.2272727272727,16.172727272727272,44.866576209859794,47.06818181818182,4.454545454545454,112.3181818181818,0.0573147302603423,1654.8374694813776,66.86363636363636,1092.409090909091,49.18055978939429,1,1,3,-2,1,Defensive Midfield
mikkel damsgaard,Attacking Midfield,21.0,22/23,sampdoria,brentford,15000000,15000000.0,0.0,0.0,11,578.0,6.4,18.42572850035537,24.5,0.0,40.0,0.0625,13.299319727891156,50.0,351.0,26.868100184794717,0,3,5,-2,1,Attacking Midfield
janik haberer,Central Midfield,27.0,22/23,freiburg,union berlin,3500000,0.0,0.0,0.0,26,818.0,9.1,39.6410803127221,4.5,3.0,35.0,0.0481927710843373,24.02010050251256,41.0,461.0,28.22274885602576,0,3,5,-2,0,Central Midfield
mehdi bourabia,Central Midfield,29.0,22/23,sassuolo,spezia,900000,1650000.0,0.7455317139001351,0.4631,8,282.0,3.1,10.749822316986496,4.5,1.0,9.0,0.0490797546012269,5.454545454545455,15.0,173.0,21.84920160738472,0,3,5,-2,0,Central Midfield
henrikh mkhitaryan,Central Midfield,32.0,22/23,roma,inter,8000000,0.0,0.0,0.0,31,2495.0,27.7,68.72778962331202,88.0,11.0,230.0,0.0565912117177097,103.11475409836066,100.0,1748.0,59.38133356397508,0,1,1,0,1,Central Midfield
naouirou ahamada,Central Midfield,19.0,22/23,stuttgart,crystal palace,5500000,12000000.0,0.0,0.0,17,879.7605633802817,9.773239436619718,29.764157081794256,24.295774647887324,3.2816901408450705,55.94366197183098,0.0985526742699358,350.01111018277595,39.69014084507042,536.6760563380282,26.715534946206507,1,3,3,0,0,Central Midfield
corentin tolisso,Central Midfield,26.0,22/23,bayern munich,lyon,15000000,0.0,0.0,0.0,15,703.0,7.8,24.92892679459844,30.0,3.0,107.0,0.0238095238095238,40.04385964912281,25.0,887.0,38.08495978249727,0,1,1,0,1,Central Midfield
grischa promel,Central Midfield,26.0,22/23,union berlin,hoffenheim,7500000,0.0,0.0,0.0,29,2422.0,26.9,65.35181236673775,35.0,9.0,122.0,0.066938775510204,71.54929577464789,77.0,1452.0,44.29088246054799,0,5,3,2,0,Central Midfield
jean-paul boetius,Attacking Midfield,27.0,22/23,mainz,hertha bsc,4000000,0.0,0.0,0.0,33,1800.0,20.0,61.531627576403714,57.0,4.0,136.0,0.0592274678111588,102.0863309352518,106.0,1370.0,47.52554307413061,0,3,3,0,0,Attacking Midfield
jesse lingard,Attacking Midfield,28.0,22/23,man utd,nott'm forest,18000000,0.0,0.0,0.0,16,367.0,4.1,21.517412935323385,16.0,2.0,22.0,0.085,9.263565891472869,13.0,217.0,19.4505223784944,0,1,5,-4,0,Attacking Midfield
jimmy cabot,Right Midfield,28.0,22/23,angers,lens,5000000,2000000.0,0.0,0.0,25,1696.7358490566037,18.85283018867925,50.58098992906091,47.41509433962264,5.09433962264151,134.45283018867926,0.0499772135944478,1057.7650237786424,79.11320754716981,1485.5283018867924,51.88776641675843,1,4,5,-1,1,Central Midfield
matteo guendouzi,Central Midfield,22.0,22/23,arsenal,marseille,25000000,11000000.0,0.1532574178163856,0.2759,38,3152.0,35.0,86.1407249466951,90.5,10.0,386.0,0.0418189200162403,196.3888888888889,76.0,3360.0,78.2531378142221,0,1,1,0,1,Central Midfield
brais mendez,Attacking Midfield,24.0,22/23,celta vigo,real sociedad,18000000,14000000.0,0.0,0.0,37,3021.0,33.6,83.20895522388061,74.0,9.0,252.0,0.0637870416875941,149.87654320987656,157.0,2267.0,66.45938421551878,0,3,3,0,1,Attacking Midfield
brandon soppy,Right Midfield,19.0,22/23,udinese,atalanta,5000000,9900000.0,0.0,0.0,28,777.0,8.6,41.40014214641081,13.5,0.0,42.0,0.0674157303370786,12.604166666666666,35.0,313.0,24.26252418876394,0,3,2,1,1,Central Midfield
nemanja matic,Defensive Midfield,32.0,22/23,man utd,roma,5000000,0.0,0.0,0.0,23,1382.0,15.4,43.90547263681593,28.0,4.0,130.0,0.0329218106995884,52.99674267100977,83.0,1620.0,48.0185547591839,0,1,1,0,1,Defensive Midfield
rolando mandragora,Defensive Midfield,24.0,22/23,juventus,fiorentina,10000000,8200000.0,0.3729212790039615,0.3662,21,1319.0,14.7,40.65387348969439,57.0,2.0,102.0,0.0268456375838926,40.56666666666666,49.0,1188.0,42.512785922890856,0,1,3,-2,0,Defensive Midfield
billy gilmour,Defensive Midfield,20.0,22/23,chelsea,brighton,12000000,8300000.0,0.4834668016194332,0.3561,24,1855.0,20.6,51.56361051883441,52.5,1.0,142.0,0.0281096275474349,87.1219512195122,79.0,1769.0,50.36173255707247,0,1,3,-2,1,Defensive Midfield
boubacar kamara,Defensive Midfield,21.0,22/23,marseille,aston villa,25000000,0.0,0.0,0.0,34,2778.0,30.9,76.27931769722815,50.5,1.0,231.0,0.0165562913907284,139.6830985915493,143.0,3917.0,75.62876822622536,0,1,3,-2,1,Defensive Midfield
giulio maggiore,Central Midfield,23.0,22/23,spezia,salernitana,8500000,3500000.0,0.0,0.0,35,2819.0,31.3,77.96730632551528,67.5,5.0,159.0,0.0675219446320054,68.43373493975903,117.0,1636.0,51.20607233281295,0,5,5,0,0,Central Midfield
mattias svanberg,Central Midfield,22.0,22/23,bologna,wolfsburg,15000000,9500000.0,0.0,0.0,36,2564.0,28.5,75.67519545131486,66.0,6.0,142.0,0.0444611906556141,62.67489711934156,98.0,1466.0,50.60411918029617,0,3,3,0,1,Central Midfield
matias vecino,Central Midfield,29.0,22/23,inter,lazio,3500000,0.0,0.0,0.0,17,377.0,4.2,22.83226723525232,12.5,1.0,39.0,0.0240963855421686,12.355371900826448,21.0,285.0,28.233396124545465,0,1,2,-1,0,Central Midfield
rodrigo zalazar,Central Midfield,21.0,22/23,frankfurt,fc schalke 04,3500000,1500000.0,0.0,0.0,17,879.7605633802817,9.773239436619718,29.764157081794256,24.295774647887324,3.2816901408450705,55.94366197183098,0.0985526742699358,350.01111018277595,39.69014084507042,536.6760563380282,26.715534946206507,1,3,3,0,0,Central Midfield
jonjo shelvey,Central Midfield,29.0,22/23,newcastle,nott'm forest,7000000,6500000.0,0.0,0.0,24,1983.0,22.0,53.30490405117271,37.5,3.0,95.0,0.0215633423180593,54.609375,74.0,1391.0,45.409880636287234,0,3,5,-2,1,Central Midfield
jordan veretout,Central Midfield,28.0,22/23,roma,marseille,17000000,12450000.0,0.0,0.0,36,2319.0,25.8,72.31698649609099,109.0,12.0,213.0,0.0216450216450216,171.69230769230768,73.0,2162.0,64.84694379080422,0,1,1,0,1,Central Midfield
jorginho,Defensive Midfield,29.0,22/23,chelsea,arsenal,35000000,11300000.0,0.0,0.0,29,2273.0,25.3,63.361762615493966,62.0,8.0,196.0,0.0194681861348528,104.49477351916376,127.0,2980.0,69.1931446942626,0,1,1,0,0,Defensive Midfield
genki haraguchi,Attacking Midfield,30.0,22/23,union berlin,stuttgart,2000000,1000000.0,0.0,0.0,30,1755.0,19.5,57.33830845771145,48.0,8.0,107.0,0.0512483574244415,39.53917050691244,88.0,813.0,42.4905391396562,0,5,3,2,0,Attacking Midfield
aurelien tchouameni,Defensive Midfield,21.0,22/23,monaco,real madrid,60000000,80000000.0,0.0,0.0,35,2929.0,32.5,79.45984363894813,56.5,5.0,297.0,0.0197024527543224,176.96969696969694,226.0,3465.0,85.14789623721288,0,2,1,1,1,Defensive Midfield
axel witsel,Defensive Midfield,32.0,22/23,dortmund,atlético,4000000,0.0,0.0,0.0,29,1941.0,21.6,58.75977256574273,18.5,2.0,96.0,0.0207914151576123,99.22727272727272,93.0,2175.0,50.77936773162726,0,1,1,0,1,Defensive Midfield
aymen barkok,Attacking Midfield,23.0,22/23,frankfurt,mainz,1800000,0.0,0.0,0.0,5,160.0,1.8,5.561478322672354,2.5,0.0,12.0,0.1262135922330097,6.369047619047619,15.0,104.0,11.892717900288195,0,3,3,0,0,Attacking Midfield
azzedine ounahi,Central Midfield,21.0,22/23,angers,marseille,15000000,8000000.0,0.0,0.0,32,1633.0,18.1,57.977967306325525,41.5,3.0,160.0,0.0743657042869641,65.66523605150215,84.0,1451.0,44.28257163504145,0,4,1,3,1,Central Midfield
julian baumgartlinger,Defensive Midfield,33.0,22/23,leverkusen,augsburg,800000,0.0,0.0,0.0,6,88.0,1.0,5.756929637526652,0.0,0.0,5.0,0.0,3.848920863309353,6.0,106.0,25.68523420324024,0,1,3,-2,0,Defensive Midfield
thomas mangani,Central Midfield,34.0,22/23,angers,ajaccio,600000,0.0,0.0,0.0,33,2193.0,24.4,67.0042643923241,54.0,9.0,173.0,0.0198135198135198,97.62114537444934,132.0,2185.0,63.202459778465936,0,4,5,-1,0,Central Midfield
arne maier,Central Midfield,22.0,22/23,hertha bsc,augsburg,5500000,5000000.0,0.1990964912280701,0.3107,29,1864.0,20.7,57.6403695806681,66.0,7.0,109.0,0.0562685093780849,46.907630522088354,53.0,1117.0,41.674871585253136,0,3,3,0,0,Central Midfield
fabio carvalho,Attacking Midfield,18.0,22/23,fulham,liverpool,12000000,9400000.0,0.0,0.0,18,1026.590909090909,11.404545454545454,32.98362085675519,30.901515151515152,2.9696969696969697,70.27272727272727,0.0894122835449608,2176.649819494585,48.24242424242424,656.7121212121212,39.96499320341479,1,4,1,3,0,Attacking Midfield
orel mangala,Defensive Midfield,23.0,22/23,stuttgart,nott'm forest,15000000,13000000.0,0.0,0.0,28,1853.0,20.6,56.325515280739175,58.0,4.0,105.0,0.0838323353293413,52.468619246861934,40.0,1198.0,36.03341215478222,0,3,5,-2,1,Defensive Midfield
oriol romeu,Defensive Midfield,29.0,22/23,southampton,girona,5000000,5500000.0,0.0,0.0,36,2889.0,32.1,80.15280739161338,74.0,4.0,194.0,0.0282738095238095,117.9372197309417,167.0,2601.0,68.32203890274408,0,4,5,-1,1,Defensive Midfield
franck kessie,Central Midfield,24.0,22/23,ac milan,barcelona,45000000,0.0,0.0,0.0,31,2308.0,25.6,66.11584932480456,61.5,6.0,166.0,0.040625,106.63366336633663,103.0,2093.0,56.70185340030565,0,1,1,0,1,Central Midfield
frank anguissa,Central Midfield,25.0,22/23,fulham,napoli,30000000,16000000.0,0.2553157894736842,0.1727,25,1681.9054054054054,18.68783783783784,50.375775562342746,48.42567567567568,5.216216216216216,117.70270270270272,0.071177172315355,4013.965863453815,71.4054054054054,1123.5135135135135,61.17880996189403,1,4,1,3,1,Central Midfield
mario lemina,Defensive Midfield,27.0,22/23,nice,wolves,7000000,11000000.0,0.0,0.0,32,1967.0,21.9,62.7043354655295,22.5,2.0,128.0,0.0244584206848357,71.7562724014337,142.0,1972.0,55.08379541004358,0,3,4,-1,1,Defensive Midfield
kalvin phillips,Defensive Midfield,25.0,22/23,leeds united,man city,50000000,49000000.0,0.0,0.0,20,1596.0,17.7,43.19474058280029,24.0,1.0,99.0,0.0404040404040404,58.48605577689243,115.0,1454.0,45.71119379152336,0,5,1,4,1,Defensive Midfield
antonin barak,Attacking Midfield,26.0,22/23,hellas verona,fiorentina,12000000,7860000.0,0.0,0.0,29,2340.0,26.0,64.23240938166312,63.0,15.0,215.0,0.0697674418604651,82.04761904761905,56.0,1599.0,52.2582355902009,0,4,3,1,0,Attacking Midfield
marc roca,Defensive Midfield,24.0,22/23,bayern munich,leeds united,7000000,12000000.0,0.0,0.0,9,379.0,4.2,13.308457711442788,9.5,0.0,32.0,0.032069970845481,23.350515463917528,21.0,451.0,27.430243636121663,0,1,5,-4,1,Defensive Midfield
tommaso milanese,Central Midfield,19.0,22/23,roma,cremonese,2000000,750000.0,0.0,0.0,35,2253.0,25.0,70.1314854299929,84.5,2.0,190.0,0.0742811501597444,56.42570281124498,81.0,1347.0,47.17218193097239,0,1,5,-4,0,Central Midfield
tomas rincon,Defensive Midfield,33.0,22/23,torino,sampdoria,1000000,0.0,0.0743824561403508,0.3807,24,1329.0,14.8,44.349680170575695,14.0,0.0,65.0,0.0353089533417402,42.44,62.0,1041.0,36.36557862345022,0,3,3,0,0,Defensive Midfield
tyler adams,Defensive Midfield,22.0,22/23,leipzig,leeds united,17000000,17000000.0,0.0,0.0,24,1351.0,15.0,44.59843638948117,20.0,1.0,116.0,0.027306967984934,67.06896551724138,63.0,1533.0,44.193417462645264,0,1,5,-4,1,Defensive Midfield
unai lopez,Central Midfield,25.0,22/23,bilbao athletic,rayo vallecano,4000000,0.0,0.0,0.0,27,1160.0,12.9,45.55792466240228,50.5,0.0,84.0,0.0395421436004162,101.71875,36.0,1266.0,38.58229376978289,0,3,4,-1,0,Central Midfield
remo freuler,Central Midfield,29.0,22/23,atalanta,nott'm forest,20000000,8300000.0,0.0,0.0,29,2369.0,26.3,64.60554371002132,58.5,4.0,260.0,0.0314341846758349,128.9047619047619,152.0,2648.0,69.88390339946972,0,2,5,-3,0,Central Midfield
florent mollet,Attacking Midfield,29.0,22/23,fc schalke 04,nantes,2500000,1500000.0,0.0,0.0,35,2630.0,29.2,75.35536602700782,76.0,8.0,162.0,0.061114842175957,77.93859649122807,82.0,1615.0,50.72560625571212,0,3,3,0,0,Attacking Midfield
florent mollet,Attacking Midfield,29.0,22/23,montpellier,fc schalke 04,6000000,500000.0,0.0,0.0,35,2630.0,29.2,75.35536602700782,76.0,8.0,162.0,0.061114842175957,75.61702127659575,82.0,1615.0,50.71338475525821,0,3,3,0,0,Attacking Midfield
kevin stoger,Attacking Midfield,27.0,22/23,mainz,vfl bochum,1600000,0.0,0.0,0.0,24,1607.659574468085,17.861702127659573,48.15776739403288,51.74468085106383,6.276595744680851,103.76595744680851,0.0643909121978985,26.25668449197861,65.25531914893617,1080.212765957447,40.00500524099542,1,3,5,-2,0,Attacking Midfield
mamadou coulibaly,Central Midfield,22.0,22/23,udinese,salernitana,2500000,3000000.0,0.0,0.4922,12,808.0,9.0,22.850035536602704,17.5,2.0,53.0,0.0743243243243243,29.53488372093023,35.0,478.0,26.13801566893846,0,3,5,-2,0,Central Midfield
andreas pereira,Attacking Midfield,25.0,22/23,man utd,fulham,7500000,9500000.0,0.0,0.0,25,1681.9054054054054,18.68783783783784,50.375775562342746,48.42567567567568,5.216216216216216,117.70270270270272,0.071177172315355,935.5405405405404,71.4054054054054,1123.5135135135135,44.97301303392371,1,1,4,-3,1,Attacking Midfield
angelo fulgini,Attacking Midfield,24.0,22/23,angers,mainz,12000000,6000000.0,0.0,0.0,36,2929.0,32.5,80.65031982942432,95.0,9.0,222.0,0.0755252697331061,94.85106382978722,78.0,2040.0,56.2626760649896,0,4,3,1,0,Attacking Midfield
ante palaversa,Defensive Midfield,22.0,22/23,man city,troyes,1500000,0.0,0.0,0.0,18,1026.590909090909,11.404545454545454,32.98362085675519,30.901515151515152,2.9696969696969697,70.27272727272727,0.0894122835449608,1654.8374694813776,48.24242424242424,656.7121212121212,37.21800924512981,1,1,5,-4,0,Defensive Midfield
filip djuricic,Attacking Midfield,30.0,22/23,sassuolo,sampdoria,4000000,0.0,0.0,0.0,26,1654.7777777777778,18.391111111111112,51.19718865987523,43.9,3.644444444444445,106.06666666666666,0.0564385397785953,88.04997732426304,65.24444444444444,1224.4,40.88534252609167,1,3,3,0,0,Attacking Midfield
filip kostic,Left Midfield,30.0,22/23,frankfurt,juventus,24000000,14700000.0,0.0,0.0,24,1607.659574468085,17.861702127659573,48.15776739403288,51.74468085106383,6.276595744680851,103.76595744680851,0.0643909121978985,1057.7650237786424,65.25531914893617,1080.212765957447,45.43518883244534,1,3,1,2,1,Central Midfield
andrea colpani,Attacking Midfield,22.0,22/23,atalanta,monza,2400000,11000000.0,0.0,0.2926,33,1677.0,18.6,59.7903340440654,77.0,6.0,138.0,0.0709290709290709,54.92753623188406,44.0,987.0,40.31990213276335,0,2,5,-3,0,Attacking Midfield
fabian ruiz,Central Midfield,26.0,22/23,napoli,paris sg,55000000,22500000.0,0.0,0.0,24,1466.2337662337663,16.290909090909093,46.2040447115074,43.25974025974026,4.220779220779221,103.44155844155844,0.0666862476864897,467.7715458926901,59.46753246753247,1015.7922077922078,39.90744964803241,1,1,1,0,1,Central Midfield
paul pogba,Central Midfield,28.0,22/23,man utd,juventus,48000000,0.0,0.0,0.0,20,1349.0,15.0,39.83653162757641,52.5,10.0,151.0,0.0640074211502783,103.6764705882353,37.0,1348.0,43.84295223831733,0,1,1,0,0,Central Midfield
leander dendoncker,Defensive Midfield,26.0,22/23,wolves,aston villa,28000000,15000000.0,0.0,0.0,30,1950.0,21.7,60.07462686567165,24.5,4.0,73.0,0.033203125,86.4,88.0,1251.0,42.85531573585322,0,4,3,1,0,Defensive Midfield
vlad chiriches,Defensive Midfield,31.0,22/23,sassuolo,cremonese,1800000,2000000.0,0.0,0.0,26,1459.95,16.22,48.49680170575694,41.325,3.6,104.7,0.0548406162640596,769.120100358423,56.4,1046.0,42.57229834795667,1,3,5,-2,0,Defensive Midfield
amadou onana,Defensive Midfield,19.0,22/23,lille,everton,10000000,39870000.0,0.0,0.0,32,1359.0,15.1,54.24662402274343,31.5,1.0,83.0,0.0335403726708074,65.21739130434781,88.0,1029.0,41.19879444064278,0,2,3,-1,1,Defensive Midfield
ander herrera,Central Midfield,31.0,22/23,paris sg,bilbao athletic,4000000,0.0,0.0,0.0,19,1091.0,12.1,35.039090262970866,37.5,5.0,108.0,0.018581081081081,86.78391959798995,65.0,1702.0,48.58230151850401,0,1,3,-2,1,Central Midfield
lucas paqueta,Attacking Midfield,23.0,22/23,lyon,west ham,35000000,42950000.0,0.0,0.0,35,2699.0,30.0,76.35039090262971,101.0,15.0,227.0,0.0923302393746946,127.6,120.0,2333.0,62.58909218253248,0,1,3,-2,1,Attacking Midfield
xaver schlager,Central Midfield,23.0,22/23,wolfsburg,leipzig,27000000,12000000.0,0.0,0.0,14,1040.0,11.6,28.46481876332623,12.0,1.0,76.0,0.0500894454382826,36.01063829787234,77.0,648.0,34.257221085753926,0,3,1,2,1,Central Midfield
alexis tibidi,Attacking Midfield,17.0,22/23,stuttgart,troyes,1500000,2600000.0,0.0,0.0,13,385.0,4.3,18.19474058280029,11.5,0.0,16.0,0.1204819277108433,11.085714285714284,14.0,163.0,13.632917451723127,0,3,5,-2,0,Attacking Midfield
elvis rexhbecaj,Central Midfield,23.0,22/23,wolfsburg,augsburg,4000000,1700000.0,0.0494491228070175,0.4174,32,2542.0,28.2,70.5401563610519,44.0,0.0,114.0,0.0846366145354185,1346.0695979822008,109.0,1110.0,46.207926802980126,0,3,3,0,0,Central Midfield
philipp forster,Attacking Midfield,26.0,22/23,stuttgart,vfl bochum,2500000,500000.0,0.0,0.0,20,967.0,10.7,34.488272921108745,23.5,3.0,79.0,0.0579964850615114,33.6150234741784,35.0,657.0,31.410223391813048,0,3,5,-2,0,Attacking Midfield
philippe coutinho,Attacking Midfield,29.0,22/23,barcelona,aston villa,20000000,20000000.0,0.4824949066213921,0.2891,31,1832.0,20.4,59.64818763326227,65.0,10.0,199.0,0.0738916256157635,84.41340782122906,48.0,1400.0,47.24876517411912,0,1,3,-2,0,Attacking Midfield
yves bissouma,Defensive Midfield,24.0,22/23,brighton,tottenham,35000000,29200000.0,0.0,0.0,26,2111.0,23.5,57.55152807391615,23.5,3.0,132.0,0.0378737541528239,111.80790960451978,159.0,1963.0,55.709046979726594,0,3,2,1,1,Defensive Midfield
abdelhamid sabiri,Attacking Midfield,24.0,22/23,sampdoria,fiorentina,4000000,2500000.0,0.0,0.0,14,893.0,9.9,26.35039090262971,27.0,5.0,48.0,0.1039501039501039,38.802816901408455,51.0,515.0,25.58014841999481,0,3,3,0,0,Attacking Midfield
ederson,Central Midfield,22.0,22/23,salernitana,atalanta,13000000,22900000.0,0.0,0.0,15,1147.0,12.7,31.02345415778252,24.5,3.0,59.0,0.0749542961608775,41.93333333333334,59.0,590.0,29.943123609395077,0,5,2,3,1,Central Midfield
aaron ramsey,Central Midfield,31.0,22/23,juventus,nice,3000000,0.0,0.5610498245614035,0.513,26,1459.95,16.22,48.49680170575694,41.325,3.6,104.7,0.0548406162640596,1076.7812627954586,56.4,1046.0,44.19192325292577,1,1,3,-2,0,Central Midfield
adrien tameze,Defensive Midfield,29.0,23/24,hellas verona,torino,6000000,2800000.0,0.0,0.0,37,3031.0,33.7,83.33333333333334,48.5,0.0,135.0,0.0511204481792717,3094.811245687676,139.0,1664.0,66.8183291859665,0,4,3,1,1,Defensive Midfield
habib keita,Central Midfield,20.0,23/24,lyon,clermont foot,650000,1200000.0,0.0,0.0,16,850.554347826087,9.44891304347826,28.170289855072465,24.26086956521739,2.391304347826087,65.20652173913044,0.0750755487835136,467.7715458926901,37.65217391304348,591.3369565217391,30.507283076010083,1,1,5,-4,0,Central Midfield
ibrahim sulemana,Defensive Midfield,19.0,23/24,hellas verona,cagliari,1500000,4000000.0,0.0,0.0,16,651.0,7.2,25.37313432835821,11.5,0.0,22.0,0.0676156583629893,18.88888888888889,41.0,284.0,23.343869183485157,0,4,4,0,0,Defensive Midfield
houssem aouar,Attacking Midfield,24.0,23/24,lyon,roma,13000000,0.0,0.0,0.0,16,526.0,5.8,23.6318407960199,13.5,2.0,49.0,0.0455531453362256,27.53363228699552,32.0,578.0,29.4776876935531,0,1,1,0,1,Attacking Midfield
naby keita,Central Midfield,27.0,23/24,liverpool,werder bremen,12000000,0.0,0.0,0.0,8,293.0,3.3,10.99857853589197,14.0,0.0,20.0,0.0922330097087378,16.60377358490566,8.0,243.0,17.404693928623555,0,1,3,-2,0,Central Midfield
munir el haddadi,Attacking Midfield,26.0,23/24,getafe,ud las palmas,3500000,0.0,0.0,0.0,28,1150.0,12.8,46.62402274342573,38.5,4.0,50.0,0.1140065146579804,23.43629343629344,44.0,523.0,24.173461177521627,0,3,5,-2,0,Attacking Midfield
nemanja matic,Defensive Midfield,33.0,23/24,roma,rennes jugend,4000000,2500000.0,0.0,0.0,35,1852.0,20.6,64.65884861407251,50.0,4.0,184.0,0.0277966101694915,82.39043824701194,99.0,2051.0,57.134129943260405,0,1,2,-1,1,Defensive Midfield
woo-yeong jeong,Attacking Midfield,23.0,23/24,freiburg,stuttgart,3500000,3800000.0,0.1351122807017543,0.3084,22,1368.3170731707316,15.207317073170731,42.47534106471129,37.170731707317074,4.219512195121951,87.14634146341463,0.0626888903960593,88.04997732426304,59.51219512195122,885.6341463414634,36.30567453615565,1,3,3,0,0,Attacking Midfield
luca mazzitelli,Central Midfield,26.0,23/24,monza,frosinone,3000000,1780000.0,0.2818755775577558,0.375,25,1943.0,21.6,53.99786780383797,65.0,8.0,243.0,0.0267080745341614,97.3394495412844,97.0,2064.0,62.93760688018307,0,5,5,0,0,Central Midfield
luca lipani,Defensive Midfield,18.0,23/24,genoa,sassuolo,400000,3000000.0,0.0,0.0,20,1047.7777777777778,11.644444444444444,35.662955065940146,30.95238095238096,2.6666666666666665,65.06349206349206,0.0796425820097644,297.6148329702252,40.98412698412698,627.015873015873,30.04594468338152,1,4,3,1,0,Defensive Midfield
yangel herrera,Central Midfield,24.0,23/24,man city,girona,5000000,5000000.0,0.0,0.0,20,963.0,10.7,34.488272921108745,21.5,4.0,64.0,0.0845323741007194,45.629139072847686,44.0,633.0,28.305729227084804,0,1,5,-4,0,Central Midfield
abdoulaye toure,Defensive Midfield,28.0,23/24,genoa,le havre,1300000,0.0,0.5426684210526316,0.4107,25,1597.0384615384614,17.757692307692306,49.2188781367886,43.90384615384615,4.173076923076923,110.5,0.0504305186736975,3094.811245687676,62.42307692307692,1233.173076923077,57.69594890596894,1,4,5,-1,0,Defensive Midfield
abdou harroui,Central Midfield,24.0,23/24,sassuolo,frosinone,2700000,700000.0,0.0,0.0,23,647.0,7.2,33.70646766169155,13.5,2.0,57.0,0.0632911392405063,23.666666666666664,25.0,465.0,26.503956093650597,0,3,5,-2,0,Central Midfield
ilkay gundogan,Central Midfield,31.0,23/24,man city,barcelona,20000000,0.0,0.0,0.0,31,2353.0,26.1,66.73773987206825,82.0,12.0,223.0,0.030454042081949,249.7979797979798,68.0,2349.0,63.95037467545775,0,1,1,0,1,Central Midfield
youssef maleh,Central Midfield,23.0,23/24,fiorentina,lecce,4500000,5000000.0,0.2372421052631579,0.3801,24,971.0,10.8,39.37455579246624,21.0,1.0,42.0,0.0695067264573991,22.764976958525345,51.0,458.0,27.105141788815125,0,3,5,-2,0,Central Midfield
tom krau,Central Midfield,21.0,23/24,leipzig,mainz,7000000,5000000.0,0.0,0.0,32,2514.0,27.9,70.16702203269368,33.0,2.0,121.0,0.05,56.3302752293578,187.0,1190.0,51.075416841924685,0,1,3,-2,0,Central Midfield
tom davies,Central Midfield,24.0,23/24,everton,sheffield utd,9000000,0.0,0.0,0.0,19,538.0,6.0,27.452025586353948,5.0,0.0,32.0,0.0679611650485436,19.627659574468083,29.0,356.0,22.93969288345512,0,3,5,-2,0,Central Midfield
anton stach,Defensive Midfield,23.0,23/24,mainz,hoffenheim,15000000,12000000.0,0.0,0.0,30,2070.0,23.0,61.69154228855722,60.5,5.0,143.0,0.0520477815699658,52.96442687747036,96.0,1263.0,47.59120206321217,0,3,3,0,1,Defensive Midfield
leandro paredes,Defensive Midfield,28.0,23/24,paris sg,roma,12000000,5650000.0,0.0,0.0,28,1029.0,11.4,44.88272921108743,48.0,2.0,90.0,0.009544008483563,74.0677966101695,48.0,1300.0,44.1668263552183,0,1,1,0,0,Defensive Midfield
manuel locatelli,Defensive Midfield,24.0,23/24,sassuolo,juventus,30000000,36400000.0,0.4546986270022883,0.0597,32,2446.0,27.2,69.29637526652454,50.0,2.0,159.0,0.0287253141831238,101.45631067961163,136.0,2053.0,58.08062528803104,0,3,1,2,1,Defensive Midfield
manu morlanes,Central Midfield,23.0,23/24,villarreal,rcd mallorca,4000000,2500000.0,0.0,0.0,16,864.0,9.6,28.358208955223883,7.5,1.0,43.0,0.0275482093663911,29.25170068027211,44.0,423.0,30.62750510939581,0,2,4,-2,0,Central Midfield
mahmoud dahoud,Central Midfield,26.0,23/24,dortmund,brighton,12000000,0.0,0.0,0.0,9,337.0,3.7,12.686567164179106,7.0,0.0,30.0,0.0331125827814569,23.66863905325444,24.0,396.0,26.959016719456013,0,1,3,-2,0,Central Midfield
kevin volland,Attacking Midfield,30.0,23/24,monaco,union berlin,8000000,4000000.0,0.0,0.0,17,639.0,7.1,26.439232409381667,23.0,5.0,37.0,0.097378277153558,12.951541850220265,18.0,234.0,20.870144281530845,0,2,5,-3,0,Attacking Midfield
angelo stiller,Defensive Midfield,21.0,23/24,hoffenheim,stuttgart,5000000,5500000.0,0.0,0.0,20,704.0,7.8,30.88130774697939,11.0,2.0,38.0,0.055793991416309,70.78947368421052,48.0,522.0,28.70407283796576,0,3,3,0,1,Defensive Midfield
angelo fulgini,Attacking Midfield,25.0,23/24,mainz,lens,9000000,7200000.0,0.0,0.0,33,1383.0,15.4,55.81023454157784,66.5,3.0,95.0,0.0521739130434782,100.7079646017699,49.0,1025.0,39.31033245776988,0,3,5,-2,0,Attacking Midfield
antonio blanco,Defensive Midfield,22.0,23/24,real madrid,alavés,5000000,4000000.0,0.0,0.3419,3,158.0,1.8,3.1805259417199725,2.0,0.0,3.0,0.0609756097560975,5.25,12.0,103.0,18.88910838951964,0,1,4,-3,1,Defensive Midfield
justin kluivert,Attacking Midfield,23.0,23/24,roma,bournemouth,14000000,10800000.0,0.5324655639097745,0.2071,26,1447.0,16.1,48.34754797441366,53.5,6.0,91.0,0.104631217838765,41.4179104477612,28.0,429.0,27.394170676336724,0,1,4,-3,1,Attacking Midfield
kevin strootman,Central Midfield,32.0,23/24,marseille,genoa,1300000,0.0,0.3108571428571428,0.4283,30,2229.0,24.8,63.93034825870648,69.0,2.0,299.0,0.0209107806691449,143.09859154929575,134.0,2979.0,73.84963681381953,0,1,4,-3,0,Central Midfield
marco asensio,Attacking Midfield,26.0,23/24,real madrid,paris sg,25000000,0.0,0.0,0.0,31,1442.0,16.0,54.17555081734187,79.0,15.0,126.0,0.0336487907465825,139.87654320987656,29.0,1025.0,46.94015228752364,0,1,1,0,0,Attacking Midfield
marcel sabitzer,Central Midfield,28.0,23/24,bayern munich,dortmund,20000000,19000000.0,0.3008471228070175,0.1847,26,1255.0,13.9,45.61122956645345,31.5,3.0,105.0,0.0248648648648648,85.0,66.0,1162.0,43.30520194229662,0,1,1,0,1,Central Midfield
stijn spierings,Central Midfield,26.0,23/24,toulouse,lens,6000000,0.0,0.0,0.0,36,3120.0,34.7,83.38663823738453,52.0,2.0,262.0,0.0214168039538715,334.0,197.0,3310.0,79.03602971049845,0,4,5,-1,0,Central Midfield
sergi altimira,Central Midfield,21.0,23/24,getafe,real betis,300000,2000000.0,0.0,0.0,18,1022.536231884058,11.366666666666664,32.93650793650794,29.38405797101449,3.115942028985508,72.14492753623189,0.0773342039201689,350.01111018277595,43.63768115942029,664.5652173913044,31.5282195851124,1,3,3,0,0,Central Midfield
jude bellingham,Attacking Midfield,19.0,23/24,dortmund,real madrid,120000000,127000000.0,0.0,0.0,31,2691.0,29.9,71.46410803127222,96.5,12.0,349.0,0.0578670492587278,340.0,162.0,2513.0,78.01600364339382,0,1,1,0,1,Attacking Midfield
marco brescianini,Central Midfield,22.0,23/24,ac milan,frosinone,900000,5200000.0,0.0,0.0,37,2510.0,27.9,76.11940298507463,63.5,4.0,131.0,0.0550161812297734,81.06741573033707,88.0,1368.0,46.492538231119504,0,1,5,-4,0,Central Midfield
junior dina ebimbe,Right Midfield,21.0,23/24,paris sg,frankfurt,10000000,6500000.0,0.0,0.0,19,1063.0,11.8,34.665955934612654,17.5,4.0,83.0,0.0609579100145137,61.869918699187,59.0,719.0,33.84389166413299,0,1,3,-2,1,Central Midfield
martin hongla,Defensive Midfield,24.0,23/24,hellas verona,granada,2800000,2750000.0,0.0551157894736842,0.3801,22,1339.894117647059,14.887058823529411,42.07700990844099,40.42941176470588,4.070588235294117,92.3529411764706,0.0654927620694108,1057.7650237786424,47.21176470588235,912.2117647058824,40.64029339110064,1,4,4,0,0,Defensive Midfield
boubacar traore,Defensive Midfield,20.0,23/24,fc mtz,wolves,5000000,11000000.0,0.0,0.0,10,411.0,4.6,14.996446339729925,4.0,1.0,12.0,0.0324324324324324,15.2317880794702,23.0,228.0,25.04248834005576,0,5,4,1,1,Defensive Midfield
cristian volpato,Attacking Midfield,18.0,23/24,roma,sassuolo,3000000,7500000.0,0.0,0.0,7,227.0,2.5,8.813077469793889,7.0,2.0,26.0,0.1304347826086956,7.5,7.0,147.0,12.779305159396577,0,1,3,-2,0,Attacking Midfield
christoph baumgartner,Attacking Midfield,22.0,23/24,hoffenheim,leipzig,24000000,25500000.0,0.0,0.0,33,2567.0,28.5,72.1037668798863,68.5,10.0,176.0,0.0873134328358209,98.6013986013986,108.0,1265.0,48.80045531298051,0,3,1,2,1,Attacking Midfield
mateo kovacic,Central Midfield,28.0,23/24,chelsea,man city,38000000,29100000.0,0.0,0.0,27,1707.0,19.0,53.1449893390192,54.0,3.0,190.0,0.03485254691689,1266.0352182539682,65.0,2068.0,59.98730068682191,0,1,1,0,0,Central Midfield
mason mount,Attacking Midfield,23.0,23/24,chelsea,man utd,60000000,67700000.0,0.0,0.0,24,1648.0,18.3,48.70291400142147,58.5,5.0,146.0,0.067079463364293,56.54822335025381,65.0,1000.0,41.64231506131584,0,1,1,0,0,Attacking Midfield
marvelous nakamba,Defensive Midfield,28.0,23/24,aston villa,luton town,4000000,2900000.0,0.255,0.4489,17,1423.0,15.8,37.26012793176973,15.5,0.0,80.0,0.0543046357615894,50.92896174863388,100.0,927.0,37.54957177619386,0,3,5,-2,0,Defensive Midfield
sandro tonali,Defensive Midfield,22.0,23/24,ac milan,newcastle,50000000,58900000.0,0.0,0.0,34,2713.0,30.1,75.28429282160627,112.5,9.0,220.0,0.0272331154684095,162.71428571428572,123.0,2192.0,68.00093047500135,0,1,3,-2,1,Defensive Midfield
sander berge,Defensive Midfield,24.0,23/24,sheffield utd,burnley,20000000,13900000.0,0.0,0.0,37,3103.0,34.5,84.32835820895524,80.5,11.0,264.0,0.0486111111111111,126.95121951219512,94.0,1951.0,62.711764620715925,0,5,4,1,1,Defensive Midfield
romain faivre,Attacking Midfield,24.0,23/24,lyon,bournemouth,10000000,15000000.0,0.252496661007357,0.388,26,1546.0,17.2,49.71570717839375,52.0,9.0,182.0,0.0508849557522123,51.26696832579185,34.0,1051.0,44.40506591360444,0,1,4,-3,0,Attacking Midfield
juan cuadrado,Right Midfield,35.0,23/24,juventus,inter,4000000,0.0,0.0,0.0,33,1783.0,19.85,61.345060412224605,75.0,7.0,140.0,0.0569502321269043,730.7524841915085,34.5,1203.0,46.45787994801668,1,1,1,0,1,Central Midfield
ryan gravenberch,Defensive Midfield,20.0,23/24,bayern munich,liverpool,30000000,40000000.0,0.0,0.0,24,576.0,6.4,33.90191897654584,20.5,0.0,55.0,0.0703933747412008,33.12169312169313,35.0,595.0,26.90613695827999,0,1,1,0,1,Defensive Midfield
santi comesana,Central Midfield,25.0,23/24,rayo vallecano,villarreal,7500000,0.0,0.0,0.0,35,2451.0,27.2,72.86780383795309,84.5,5.0,190.0,0.0466321243523316,121.02409638554217,142.0,1951.0,60.76810698948436,0,4,2,2,0,Central Midfield
ruslan malinovskyi,Attacking Midfield,29.0,23/24,marseille,genoa,10000000,7700000.0,0.0,0.0,35,1780.0,19.8,63.66382373845061,73.5,5.0,168.0,0.0712377560106856,106.260162601626,64.0,1190.0,44.61777771942269,0,1,4,-3,0,Attacking Midfield
ruslan malinovskyi,Attacking Midfield,29.0,23/24,atalanta,marseille,15000000,10000000.0,0.1055723627249943,0.3874,35,1780.0,19.8,63.66382373845061,73.5,5.0,168.0,0.0712377560106856,72.20994475138122,64.0,1190.0,44.438526687498346,0,2,1,1,0,Attacking Midfield
ruben loftus-cheek,Central Midfield,27.0,23/24,chelsea,ac milan,25000000,18900000.0,0.0,0.0,26,1744.428571428571,19.379591836734694,52.42664229871053,52.8469387755102,5.183673469387755,125.6938775510204,0.0461473222003297,467.7715458926901,78.81632653061224,1386.65306122449,48.45212529609408,1,1,1,0,1,Central Midfield
dejan kulusevski,Attacking Midfield,22.0,23/24,juventus,tottenham,50000000,30000000.0,0.2916315789473683,0.3006,30,2067.0,23.0,61.69154228855722,95.5,9.0,154.0,0.1240458015267175,131.57303370786514,70.0,976.0,39.55957929979487,0,1,2,-1,0,Attacking Midfield
declan rice,Central Midfield,23.0,23/24,west ham,arsenal,90000000,116600000.0,0.0,0.0,37,3273.0,36.4,86.69154228855723,87.0,5.0,329.0,0.0218181818181818,275.25,187.0,3266.0,84.49539522116802,0,3,1,2,1,Central Midfield
cole palmer,Attacking Midfield,20.0,23/24,man city,chelsea,18000000,47000000.0,0.0,0.0,14,370.0,4.1,19.13646055437101,15.0,1.0,42.0,0.0846774193548387,18.36477987421384,8.0,252.0,20.04530221823101,0,1,1,0,1,Attacking Midfield
daniel boloca,Defensive Midfield,23.0,23/24,frosinone,sassuolo,3500000,6500000.0,0.0,0.0,31,2601.0,28.9,70.22032693674485,75.0,2.0,241.0,0.02803738317757,123.95348837209302,134.0,2626.0,67.76561775120285,0,5,3,2,1,Defensive Midfield
ross barkley,Central Midfield,28.0,23/24,nice,luton town,6000000,0.0,0.0,0.0,27,960.0,10.7,42.82160625444208,56.5,6.0,78.0,0.0594059405940594,109.40298507462686,31.0,687.0,34.44615852308198,0,3,5,-2,0,Central Midfield
denis zakaria,Defensive Midfield,25.0,23/24,juventus,monaco,18000000,20000000.0,0.258331983805668,0.1136,9,534.0,5.9,15.422885572139307,2.5,0.0,20.0,0.0557620817843866,14.80349344978166,26.0,333.0,23.153672616010954,0,1,2,-1,1,Defensive Midfield
denis suarez,Attacking Midfield,28.0,23/24,celta vigo,villarreal,5000000,0.0,0.0,0.4499,18,945.0,10.5,31.8585643212509,33.0,0.0,69.0,0.044362292051756,40.670731707317074,42.0,633.0,32.39685327930924,0,3,2,1,1,Attacking Midfield
riccardo saponara,Attacking Midfield,31.0,23/24,fiorentina,hellas verona,2000000,0.0,0.1815508771929824,0.4277,22,1200.7894736842106,13.33157894736842,40.142333445554186,37.026315789473685,4.0,86.84210526315789,0.0627910991869978,88.04997732426304,45.578947368421055,845.1578947368421,34.77042212590917,1,3,4,-1,0,Attacking Midfield
dominik szoboszlai,Attacking Midfield,21.0,23/24,leipzig,liverpool,50000000,70000000.0,0.0,0.0,31,2444.0,27.2,68.10589907604835,145.0,14.0,226.0,0.0471698113207547,254.9462365591397,105.0,2214.0,68.78901477932351,0,1,1,0,1,Attacking Midfield
matteo pessina,Central Midfield,25.0,23/24,atalanta,monza,15000000,12000000.0,0.3538035087719298,0.3602,35,2932.0,32.6,79.58422174840086,56.5,8.0,270.0,0.0407905803195963,157.0,144.0,3052.0,72.66784358437499,0,2,5,-3,1,Central Midfield
roberto gagliardini,Central Midfield,28.0,23/24,inter,monza,4000000,0.0,0.0,0.0,19,783.0,8.7,30.810234541577824,14.5,0.0,59.0,0.0242290748898678,31.67630057803468,34.0,526.0,31.78506509726485,0,1,5,-4,0,Central Midfield
daichi kamada,Attacking Midfield,25.0,23/24,frankfurt,lazio,27000000,0.0,0.0,0.0,32,2265.0,25.2,66.80881307746981,76.5,15.0,207.0,0.0372588157019294,118.11764705882354,98.0,1903.0,62.06213535150399,0,3,2,1,1,Attacking Midfield
raoul bellanova,Right Midfield,22.0,23/24,cagliari,torino,5000000,7000000.0,0.1058473684210526,0.0597,20,1047.7777777777778,11.644444444444444,35.662955065940146,30.95238095238096,2.6666666666666665,65.06349206349206,0.0796425820097644,1057.7650237786424,40.98412698412698,627.015873015873,34.04761382744285,1,4,3,1,1,Central Midfield
ramon terrats,Central Midfield,21.0,23/24,girona,villarreal,4000000,2500000.0,0.1819964420396786,0.1222,24,1028.0,11.4,40.12082444918266,22.5,2.0,76.0,0.0624048706240487,38.45794392523365,47.0,787.0,32.12435334914312,0,5,2,3,1,Central Midfield
eljif elmas,Attacking Midfield,23.0,23/24,napoli,leipzig,24000000,24000000.0,0.0,0.0,22,1339.894117647059,14.887058823529411,42.07700990844099,40.42941176470588,4.070588235294117,92.3529411764706,0.0654927620694108,693.5846566504367,47.21176470588235,912.2117647058824,38.72313365657501,1,1,1,0,0,Attacking Midfield
djibril sow,Central Midfield,25.0,23/24,frankfurt,sevilla fc,22000000,10000000.0,0.0,0.0,32,2646.0,29.4,72.03269367448473,41.5,4.0,221.0,0.0220994475138121,169.53333333333333,91.0,2514.0,62.082380991749474,0,3,2,1,0,Central Midfield
reda belahyane,Defensive Midfield,18.0,23/24,nice,hellas verona,200000,500000.0,0.0,0.0,4,182.0,2.0,4.619758351101636,2.0,0.0,13.0,0.0592592592592592,9.655172413793103,15.0,195.0,20.506229233278955,0,3,4,-1,0,Defensive Midfield
felix nmecha,Central Midfield,21.0,23/24,wolfsburg,dortmund,15000000,30000000.0,0.0,0.0,30,1836.0,20.4,58.45771144278607,45.0,8.0,109.0,0.0558428128231644,34.47852760736196,92.0,1070.0,43.78306433477072,0,3,1,2,1,Central Midfield
paul akouokou,Defensive Midfield,24.0,23/24,real betis,lyon,3500000,3000000.0,0.0,0.0,12,447.0,5.0,17.87491115849325,1.0,0.0,11.0,0.0214592274678111,9.423728813559322,30.0,277.0,26.61620736248472,0,3,1,2,0,Defensive Midfield
jefferson lerma,Defensive Midfield,27.0,23/24,bournemouth,crystal palace,20000000,0.0,0.0,0.0,37,3252.0,36.1,86.31840796019902,41.0,5.0,164.0,0.0211995863495346,74.74842767295598,129.0,2347.0,60.94009424465568,0,4,3,1,0,Defensive Midfield
jean n'guessan,Central Midfield,19.0,23/24,nice,fc mtz,1200000,430000.0,0.0,0.0,16,850.554347826087,9.44891304347826,28.170289855072465,24.26086956521739,2.391304347826087,65.20652173913044,0.0750755487835136,350.01111018277595,37.65217391304348,591.3369565217391,29.88735518850877,1,3,5,-2,0,Central Midfield
oriol romeu,Defensive Midfield,30.0,23/24,girona,barcelona,5000000,3400000.0,0.0,0.0,34,3024.0,33.6,79.63752665245204,49.5,2.0,154.0,0.0276520864756158,74.98550724637681,158.0,2571.0,62.81069016582594,0,5,1,4,0,Defensive Midfield
inigo ruiz de galarreta,Central Midfield,28.0,23/24,rcd mallorca,bilbao athletic,3000000,0.0,0.0,0.0,30,2449.0,27.2,66.91542288557214,43.0,1.0,147.0,0.0214384508990318,87.76255707762559,110.0,1901.0,54.30878454881847,0,4,3,1,0,Central Midfield
james milner,Central Midfield,36.0,23/24,liverpool,brighton,1500000,0.0,0.0,0.0,31,913.0,10.1,46.83724235963043,31.0,1.0,91.0,0.0389150943396226,33.47402597402598,52.0,953.0,37.33021872092042,0,1,3,-2,1,Central Midfield
michel adopo,Central Midfield,21.0,23/24,torino,atalanta,500000,0.0,0.0296456140350877,0.3084,20,1047.7777777777778,11.644444444444444,35.662955065940146,30.95238095238096,2.6666666666666665,65.06349206349206,0.0796425820097644,350.01111018277595,40.98412698412698,627.015873015873,30.321775128891453,1,3,2,1,0,Central Midfield
jakub jankto,Left Midfield,26.0,23/24,getafe,cagliari,1000000,540000.0,0.4702420690902513,0.4107,25,1421.2463768115942,15.791304347826086,46.77312196780076,38.16666666666666,3.5942028985507246,102.9855072463768,0.0652856792203282,1057.7650237786424,58.26086956521739,1058.7101449275362,42.79548655144232,1,3,4,-1,0,Central Midfield
fares chaibi,Attacking Midfield,20.0,23/24,toulouse,frankfurt,10000000,10000000.0,0.0,0.0,36,2340.0,26.0,72.56574271499646,66.0,10.0,172.0,0.0593607305936073,2176.649819494585,88.0,1348.0,61.55123877174019,0,4,3,1,0,Attacking Midfield
oier zarraga,Central Midfield,23.0,23/24,bilbao athletic,udinese,3000000,0.0,0.0,0.0,26,852.0,9.5,40.13859275053305,24.5,0.0,49.0,0.0335570469798657,17.076923076923077,31.0,523.0,30.335320529981235,0,3,3,0,0,Central Midfield
mitchel bakker,Left Midfield,22.0,23/24,leverkusen,atalanta,9000000,8800000.0,0.0,0.0,28,1659.0,18.4,53.58919687277897,35.5,5.0,85.0,0.0333625987708516,43.99371069182389,51.0,1334.0,41.71593997963945,0,1,2,-1,0,Central Midfield
pablo fornals,Central Midfield,26.0,23/24,west ham,real betis,17000000,8000000.0,0.0,0.0,32,1503.0,16.7,56.23667377398721,48.5,4.0,122.0,0.0392584514721919,34.24050632911393,60.0,981.0,42.0077334985419,0,3,3,0,0,Central Midfield
granit xhaka,Defensive Midfield,29.0,23/24,arsenal,leverkusen,20000000,15000000.0,0.0,0.0,37,2993.0,33.3,82.83582089552239,102.0,14.0,238.0,0.0317292437863564,80.55737704918033,77.0,2282.0,65.98660938236748,0,1,1,0,1,Defensive Midfield
gonzalo villar,Central Midfield,24.0,23/24,roma,granada,2800000,1800000.0,0.1040280701754386,0.2828,31,1153.0,12.8,50.19545131485431,10.5,0.0,75.0,0.0379084967320261,30.93093093093093,53.0,1019.0,35.46917568705493,0,1,4,-3,0,Central Midfield
nicolas dominguez,Central Midfield,24.0,23/24,bologna,nott'm forest,17000000,6650000.0,0.0,0.0,31,2300.0,25.6,66.11584932480456,71.5,5.0,186.0,0.0416911332941867,68.83435582822085,129.0,2160.0,60.313007099853294,0,3,5,-2,1,Central Midfield
ivan martin,Attacking Midfield,23.0,23/24,villarreal,girona,3000000,2000000.0,0.3203157894736842,0.4318,24,1586.0,17.6,47.83226723525232,34.0,6.0,86.0,0.083941605839416,41.875,30.0,990.0,32.10416538258929,0,2,5,-3,0,Attacking Midfield
ivan ilic,Central Midfield,21.0,23/24,hellas verona,torino,19000000,16500000.0,0.2185035350846596,0.1761,20,1047.7777777777778,11.644444444444444,35.662955065940146,30.95238095238096,2.6666666666666665,65.06349206349206,0.0796425820097644,1191.4592274678112,40.98412698412698,627.015873015873,34.751422069698016,1,4,3,1,1,Central Midfield
moises caicedo,Defensive Midfield,20.0,23/24,brighton,chelsea,75000000,116000000.0,0.0,0.0,37,3139.0,34.9,84.82587064676618,87.0,2.0,257.0,0.0238186707645024,131.39705882352942,199.0,3513.0,80.8515850442744,0,3,1,2,1,Defensive Midfield
nikola vlasic,Attacking Midfield,24.0,23/24,west ham,torino,17000000,10600000.0,0.2107736842105262,0.2273,34,2728.0,30.3,75.53304904051174,120.5,11.0,191.0,0.1103395061728395,43.8,67.0,1323.0,46.91640815923122,0,3,3,0,0,Attacking Midfield
giovanni fabbian,Attacking Midfield,19.0,23/24,inter,bologna,6000000,5370000.0,0.0496736842105262,0.3084,36,2827.0,31.4,79.28216062544422,34.0,9.0,111.0,0.0701559020044543,26.144927536231883,82.0,823.0,39.50271303126595,0,1,3,-2,0,Attacking Midfield
uros racic,Defensive Midfield,24.0,23/24,valencia,sassuolo,6500000,2500000.0,0.0,0.515,25,1120.0,12.4,42.555081734186224,22.5,1.0,91.0,0.0304568527918781,2137.0144066470684,60.0,1026.0,50.04509636488991,0,3,3,0,1,Defensive Midfield
lesley ugochukwu,Defensive Midfield,18.0,23/24,rennes jugend,chelsea,9000000,27000000.0,0.0,0.0,26,1330.0,14.8,46.73063255152808,9.5,1.0,61.0,0.0215189873417721,72.92207792207792,81.0,1112.0,40.08410823219864,0,2,1,1,0,Defensive Midfield
ander guevara,Central Midfield,25.0,23/24,real sociedad,alavés,2500000,1800000.0,0.0,0.0,8,221.0,2.5,10.00355366027008,7.5,0.0,19.0,0.01,9.7979797979798,13.0,288.0,27.463833546603936,0,3,4,-1,0,Central Midfield
wataru endo,Defensive Midfield,29.0,23/24,stuttgart,liverpool,6500000,20000000.0,0.0,0.0,33,2922.0,32.5,77.07889125799575,88.0,9.0,203.0,0.0571276027762947,123.62637362637363,140.0,2183.0,63.2055116171062,0,3,1,2,1,Defensive Midfield
alexis mac allister,Central Midfield,23.0,23/24,brighton,liverpool,65000000,42000000.0,0.0,0.0,35,2886.0,32.1,78.96233120113718,100.0,12.0,243.0,0.038038496791934,89.00311526479751,118.0,2780.0,71.23054918325145,0,3,1,2,1,Central Midfield
yunus musah,Central Midfield,19.0,23/24,valencia,ac milan,18000000,21200000.0,0.0,0.0,33,2110.0,23.4,65.76048329779674,39.5,2.0,165.0,0.0718446601941747,88.2962962962963,79.0,1091.0,41.85293495286426,0,3,1,2,1,Central Midfield
alex collado,Attacking Midfield,23.0,23/24,barcelona,real betis,3000000,500000.0,0.0,0.0,15,722.0,8.0,25.17768301350391,37.5,2.0,58.0,0.0565610859728506,15.014409221902016,40.0,478.0,30.044960910606772,0,1,3,-2,0,Attacking Midfield
lovro majer,Attacking Midfield,24.0,23/24,rennes jugend,wolfsburg,20000000,25000000.0,0.0,0.0,32,1668.0,18.5,58.47547974413647,75.5,7.0,200.0,0.0648694187026116,79.8342541436464,76.0,1330.0,49.77641773110143,0,2,3,-1,1,Attacking Midfield
youssouf fofana,Defensive Midfield,24.0,24/25,monaco,ac milan,30000000,20000000.0,0.0,0.0,32,2697.0,30.0,72.77896233120114,90.0,8.0,302.0,0.0388073828679602,177.03703703703707,133.0,2782.0,74.16970188024251,0,2,1,1,1,Defensive Midfield
nathan buayi-kiala,Defensive Midfield,20.0,24/25,parma,aj auxerre,200000,800000.0,0.0,0.0,18,975.2337662337662,10.836363636363636,32.276927053046464,26.12987012987013,2.363636363636364,59.298701298701296,0.0891250790502969,297.6148329702252,34.896103896103895,582.6103896103896,27.410256464583934,1,4,5,-1,0,Defensive Midfield
yannik keitel,Defensive Midfield,23.0,24/25,freiburg,stuttgart,5000000,0.0,0.0,0.0,15,920.0,10.2,27.91400142146411,7.5,1.0,52.0,0.0147710487444608,36.62037037037037,49.0,784.0,35.36153133938453,0,3,3,0,1,Defensive Midfield
amadou onana,Defensive Midfield,21.0,24/25,everton,aston villa,50000000,59350000.0,0.0,0.0,30,2091.0,23.2,61.940298507462686,46.0,2.0,128.0,0.0232378001549186,56.3448275862069,117.0,1595.0,52.07903435153337,0,3,3,0,1,Defensive Midfield
warren bondo,Central Midfield,19.0,24/25,monza,ac milan,7000000,10000000.0,0.0,0.0,25,1475.0,16.4,47.53020611229568,22.0,2.0,74.0,0.0466666666666666,43.74468085106383,48.0,1015.0,35.38901957171798,0,5,1,4,1,Central Midfield
alfred duncan,Central Midfield,30.0,24/25,fiorentina,venezia,4000000,0.0,0.1659508771929824,0.3125,30,1888.0,21.0,59.203980099502495,66.0,7.0,156.0,0.03125,66.30901287553648,73.0,1498.0,51.46985557960031,0,3,5,-2,0,Central Midfield
ilkay gundogan,Central Midfield,32.0,24/25,barcelona,man city,15000000,0.0,0.0,0.0,36,2994.0,33.3,81.64534470504621,180.0,14.0,295.0,0.0241492864983534,165.95652173913044,72.0,3701.0,83.47347352027754,0,1,1,0,1,Central Midfield
adam lallana,Attacking Midfield,35.0,24/25,brighton,southampton,1000000,0.0,0.0,0.0,25,850.0,9.4,38.82373845060413,29.0,1.0,48.0,0.0557491289198606,27.253521126760567,13.0,719.0,28.01597884381137,0,3,4,-1,0,Attacking Midfield
kristijan jakic,Defensive Midfield,26.0,24/25,frankfurt,augsburg,6500000,5000000.0,0.0,0.0,18,1251.0,13.9,36.08742004264393,19.0,3.0,81.0,0.033288948069241,1537.3061801454894,67.0,938.0,46.55311950755551,0,3,3,0,1,Defensive Midfield
gaetano oristanio,Attacking Midfield,20.0,24/25,inter,venezia,4000000,4000000.0,0.3141655930871955,0.2301,25,1104.0,12.3,42.43070362473348,34.5,3.0,51.0,0.1995305164319248,17.6890756302521,40.0,345.0,11.938942720917474,0,1,5,-4,0,Attacking Midfield
guido rodriguez,Defensive Midfield,29.0,24/25,real betis,west ham,20000000,0.0,0.0,0.0,24,1846.0,20.5,51.43923240938168,16.0,2.0,73.0,0.0293884034948371,154.48598130841123,109.0,1635.0,46.58303070790302,0,3,3,0,0,Defensive Midfield
niklas dorsch,Defensive Midfield,25.0,24/25,augsburg,heidenheim,4000000,3500000.0,0.0,0.0,21,1386.0,15.4,41.52452025586354,12.0,0.0,59.0,0.0389447236180904,73.66906474820144,66.0,1012.0,35.79411360799449,0,3,5,-2,0,Defensive Midfield
alexis claude-maurice,Attacking Midfield,25.0,24/25,nice,augsburg,3500000,0.0,0.173578947368421,0.3182,18,504.0,5.6,25.764036958066807,14.0,0.0,36.0,0.0666666666666666,18.640776699029125,21.0,359.0,23.18637195580501,0,3,3,0,0,Attacking Midfield
morten thorsby,Central Midfield,27.0,24/25,union berlin,genoa,3000000,3100000.0,0.1749168421052631,0.3239,24,1157.0,12.9,41.98649609097371,16.0,4.0,34.0,0.0936170212765957,15.210355987055015,44.0,431.0,23.78693460978647,0,5,4,1,0,Central Midfield
morgan sanson,Central Midfield,28.0,24/25,aston villa,nice,8000000,4000000.0,0.235277192982456,0.52,29,1964.0,21.8,59.008528784648206,80.0,5.0,132.0,0.0933211344922232,58.71428571428572,80.0,1135.0,41.0599258068051,0,3,3,0,0,Central Midfield
lucien agoume,Defensive Midfield,21.0,24/25,inter,sevilla fc,6000000,8000000.0,0.0,0.0,18,975.2337662337662,10.836363636363636,32.276927053046464,26.12987012987013,2.363636363636364,59.298701298701296,0.0891250790502969,1654.8374694813776,34.896103896103895,582.6103896103896,34.55510232770506,1,1,2,-1,0,Defensive Midfield
mahmoud dahoud,Central Midfield,27.0,24/25,brighton,frankfurt,6000000,0.0,0.0,0.0,22,679.0,7.5,32.88912579957356,29.0,2.0,35.0,0.0317965023847376,36.0,23.0,871.0,32.334412139703524,0,3,3,0,0,Central Midfield
fabio carvalho,Attacking Midfield,20.0,24/25,liverpool,brentford,14000000,23400000.0,0.0558912280701754,0.1954,20,1123.388888888889,12.475,36.695984363894816,33.84722222222222,3.736111111111111,83.54166666666667,0.0824525800414307,693.5846566504367,48.0,736.4722222222222,34.66819607936729,1,1,5,-4,1,Attacking Midfield
tommy doyle,Central Midfield,21.0,24/25,man city,wolves,10000000,5000000.0,0.0,0.0,26,1222.0,13.6,45.23809523809525,21.0,0.0,102.0,0.0131950989632422,53.25925925925926,60.0,1421.0,43.75924466335172,0,1,4,-3,0,Central Midfield
kevin stoger,Attacking Midfield,29.0,24/25,vfl bochum,mönchengladbach,5000000,0.0,0.0,0.0,24,1487.75,16.532692307692308,46.50477010551638,41.30769230769231,4.1923076923076925,96.57692307692308,0.0437341583231368,119.1880341880342,62.03846153846154,1230.9807692307693,41.85321085104577,1,5,3,2,0,Attacking Midfield
manu kone,Central Midfield,22.0,24/25,mönchengladbach,roma,20000000,18000000.0,0.0,0.0,18,942.943661971831,10.476056338028169,31.828783647156577,30.85211267605634,4.535211267605634,62.098591549295776,0.0920857637990137,38.67109634551495,36.69014084507042,568.0985915492957,26.981848326447416,1,3,1,2,1,Central Midfield
kiernan dewsbury-hall,Central Midfield,24.0,24/25,leicester,chelsea,30000000,35400000.0,0.0,0.0,44,3636.0,40.4,100.0,210.0,26.0,430.0,0.0644523527085804,134.57777777777778,103.0,2726.0,88.83079655870223,0,3,1,2,0,Central Midfield
khephren thuram,Central Midfield,22.0,24/25,nice,juventus,35000000,20600000.0,0.0,0.0,27,2108.0,23.4,58.61762615493959,70.5,2.0,171.0,0.0429491768074445,135.0359712230216,81.0,1820.0,52.37716196043844,0,3,1,2,1,Central Midfield
oliver skipp,Defensive Midfield,22.0,24/25,tottenham,leicester,15000000,23500000.0,0.0,0.0,21,707.0,7.9,32.19616204690832,14.0,0.0,45.0,0.0334821428571428,20.89108910891089,33.0,608.0,30.22412740671852,0,2,3,-1,0,Defensive Midfield
flynn downes,Defensive Midfield,24.0,24/25,west ham,southampton,9000000,17850000.0,0.0,0.2898,33,2550.0,28.3,71.85501066098082,58.0,4.0,170.0,0.0157089706490285,169.80769230769232,138.0,3489.0,70.8907204274852,0,3,4,-1,1,Defensive Midfield
tim iroegbunam,Central Midfield,20.0,24/25,aston villa,everton,4000000,10700000.0,0.0,0.267,9,164.0,1.8,10.323383084577117,0.0,0.0,4.0,0.0632911392405063,4.07563025210084,12.0,97.0,18.509820250567472,0,3,3,0,0,Central Midfield
gaetano castrovilli,Central Midfield,26.0,24/25,fiorentina,lazio,7000000,0.0,0.0,0.0,6,367.0,4.1,9.61265103056148,12.0,3.0,26.0,0.10625,6.254545454545454,9.0,147.0,16.48748373555896,0,3,2,1,0,Central Midfield
giovani lo celso,Attacking Midfield,27.0,24/25,tottenham,real betis,16000000,5000000.0,0.0,0.0,22,506.0,5.6,30.52594171997157,32.0,4.0,93.0,0.0333333333333333,28.1021897810219,31.0,741.0,36.16866197834607,0,2,3,-1,1,Attacking Midfield
orel mangala,Defensive Midfield,25.0,24/25,nott'm forest,lyon,20000000,23400000.0,0.0,0.0,28,1961.0,21.8,57.818052594172016,29.5,3.0,93.0,0.046800382043935,48.64285714285714,78.0,1327.0,41.722670800016814,0,5,1,4,1,Defensive Midfield
omari hutchinson,Attacking Midfield,19.0,24/25,chelsea,ipswich town,7000000,23500000.0,0.0,0.2727,44,2195.0,24.4,80.09950248756219,84.5,14.0,231.0,0.1010260457774269,56.45569620253165,117.0,1065.0,51.96437251499402,0,1,5,-4,1,Attacking Midfield
mikel merino,Central Midfield,27.0,24/25,real sociedad,arsenal,50000000,32000000.0,0.0,0.0,32,2482.0,27.6,69.79388770433548,52.5,8.0,189.0,0.0585559977259806,76.0931899641577,129.0,2024.0,57.66188881342768,0,3,1,2,1,Central Midfield
mikael egill ellertsson,Central Midfield,22.0,24/25,venezia,genoa,2800000,3500000.0,0.0,0.0,18,975.2337662337662,10.836363636363636,32.276927053046464,26.12987012987013,2.363636363636364,59.298701298701296,0.0891250790502969,571.5365828196461,34.896103896103895,582.6103896103896,28.85226651406373,1,5,4,1,0,Central Midfield
patrick osterhage,Defensive Midfield,23.0,24/25,vfl bochum,freiburg,7000000,4800000.0,0.0,0.0,24,1861.0,20.7,51.68798862828715,37.5,3.0,90.0,0.0462534690101757,49.06716417910447,101.0,1250.0,43.53029561328978,0,5,3,2,1,Defensive Midfield
pascal gro,Central Midfield,32.0,24/25,brighton,dortmund,8000000,7000000.0,0.0,0.0,36,3114.0,34.6,83.26226012793178,195.5,14.0,385.0,0.0178268251273344,163.7809187279152,133.0,4455.0,100.0,0,3,1,2,1,Central Midfield
pape gueye,Defensive Midfield,24.0,24/25,marseille,villarreal,6000000,0.0,0.0,0.1307,15,765.0,8.5,25.79957356076759,13.5,1.0,69.0,0.0315614617940199,25.09375,63.0,785.0,35.782787840546014,0,1,2,-1,1,Defensive Midfield
teun koopmeiners,Attacking Midfield,25.0,24/25,atalanta,juventus,50000000,58400000.0,0.0,0.0,34,2627.0,29.2,74.16488983653163,121.0,17.0,248.0,0.0591274397244546,90.5982905982906,82.0,1930.0,63.76670399090058,0,2,1,1,0,Attacking Midfield
tanguy ndombele,Central Midfield,26.0,24/25,tottenham,nice,8000000,0.0,0.2781056261343012,0.4048,25,1549.9333333333334,17.217333333333332,48.54678986022271,48.8,5.04,112.04,0.0572640096845303,2669.687506979341,64.56,1042.8266666666666,54.32802785632808,1,2,3,-1,0,Central Midfield
manuel ugarte,Defensive Midfield,22.0,24/25,paris sg,man utd,45000000,50000000.0,0.0,0.0,25,1932.0,21.5,53.87348969438524,33.0,2.0,103.0,0.0306825297432686,98.45132743362832,165.0,2201.0,57.015247883527294,0,1,1,0,1,Defensive Midfield
piotr zielinski,Central Midfield,29.0,24/25,napoli,inter,22000000,0.0,0.0,0.0,28,1924.0,21.4,57.32054015636106,93.5,5.0,169.0,0.0265042979942693,59.40983606557377,44.0,1724.0,52.57193675630198,0,1,1,0,1,Central Midfield
emile smith rowe,Attacking Midfield,23.0,24/25,arsenal,fulham,22000000,31800000.0,0.0,0.0,13,353.0,3.9,17.697228144989342,10.5,1.0,34.0,0.0395256916996047,20.12903225806452,10.0,294.0,25.16586017985024,0,1,4,-3,1,Attacking Midfield
ayanda sishuba,Attacking Midfield,18.0,24/25,lens,hellas verona,500000,2500000.0,0.0,0.0,7,62.0,0.7,6.5742714996446345,5.0,0.0,8.0,0.2127659574468085,1.324786324786325,4.0,21.0,0.0019527454630576,0,5,4,1,0,Attacking Midfield
ayanda sishuba,Attacking Midfield,18.0,24/25,hellas verona,rennes jugend,2000000,500000.0,0.0,0.0,7,62.0,0.7,6.5742714996446345,5.0,0.0,8.0,0.2127659574468085,0.953846153846154,4.0,21.0,0.0,0,4,2,2,0,Attacking Midfield
billy gilmour,Defensive Midfield,22.0,24/25,brighton,napoli,18000000,14000000.0,0.0,0.0,30,2120.0,23.6,62.43781094527364,56.5,1.0,232.0,0.0162494510320597,133.84920634920636,60.0,3340.0,65.51506318729449,0,3,1,2,1,Defensive Midfield
ben lhassine kone,Central Midfield,23.0,24/25,torino,como,800000,1500000.0,0.9259857229280096,0.4372,23,1316.065934065934,14.62087912087912,42.93641681701384,37.027472527472526,3.681318681318681,91.02197802197804,0.0718388983936959,1346.0695979822008,46.2967032967033,862.3846153846154,40.59856154508888,1,3,5,-2,0,Central Midfield
stefano sensi,Central Midfield,27.0,24/25,inter,monza,3000000,0.0,0.6185586694007748,0.3289,4,46.0,0.5,2.7540867093105903,5.0,1.0,6.0,0.0344827586206896,3.3210332103321027,3.0,86.0,21.89807683978924,0,1,5,-4,0,Central Midfield
enzo le fee,Central Midfield,23.0,24/25,rennes jugend,roma,18000000,23000000.0,0.0,0.0,25,1527.0,17.0,48.2764747690121,56.5,1.0,169.0,0.0460048426150121,65.31746031746032,86.0,1588.0,49.3335951792993,0,2,1,1,1,Central Midfield
enzo barrenechea,Defensive Midfield,22.0,24/25,juventus,aston villa,7500000,8000000.0,0.0,0.3097,36,2811.0,31.2,79.03340440653875,48.0,1.0,165.0,0.0162675101671938,148.3495145631068,139.0,3032.0,65.99751485161384,0,1,3,-2,1,Defensive Midfield
raoul bellanova,Right Midfield,23.0,24/25,torino,atalanta,15000000,22000000.0,0.0,0.0,23,1316.065934065934,14.62087912087912,42.93641681701384,37.027472527472526,3.681318681318681,91.02197802197804,0.0718388983936959,1057.7650237786424,46.2967032967033,862.3846153846154,39.08083579479318,1,3,2,1,1,Central Midfield
elliot anderson,Central Midfield,20.0,24/25,newcastle,nott'm forest,15000000,41200000.0,0.0,0.0,21,1027.0,11.4,36.549395877754094,32.0,2.0,94.0,0.078125,57.90322580645161,55.0,648.0,31.725587420524203,0,3,5,-2,1,Central Midfield
philipp sander,Central Midfield,26.0,24/25,holstein kiel,mönchengladbach,3000000,1000000.0,0.0,0.0,22,1336.5060240963855,14.849397590361448,42.03016757863009,34.90963855421687,3.734939759036144,80.46987951807229,0.0666814253193999,571.5365828196461,55.54216867469879,819.6024096385543,36.94462123173277,1,5,3,2,0,Central Midfield
remo freuler,Central Midfield,31.0,24/25,nott'm forest,bologna,6500000,1900000.0,0.0,0.0,32,2624.0,29.2,71.78393745557926,47.0,2.0,202.0,0.019742883379247,155.43147208121826,151.0,3014.0,68.91896756507191,0,5,3,2,0,Central Midfield
matteo guendouzi,Central Midfield,24.0,24/25,marseille,lazio,25000000,13000000.0,0.182436302294197,0.1648,35,2386.0,26.5,71.99715707178395,50.0,5.0,168.0,0.029126213592233,87.00980392156863,80.0,1695.0,52.66101062579096,0,1,2,-1,1,Central Midfield
reda belahyane,Defensive Midfield,19.0,24/25,hellas verona,lazio,10000000,9500000.0,0.0,0.0,3,117.0,1.3,2.5586353944562905,2.0,0.0,7.0,0.0377358490566037,4.487179487179487,3.0,68.0,20.919973877487053,0,4,2,2,1,Defensive Midfield
douglas luiz,Central Midfield,25.0,24/25,aston villa,juventus,70000000,51500000.0,0.0,0.0,35,2993.0,33.3,80.45486851457001,111.5,14.0,228.0,0.0272224585282858,111.32616487455198,113.0,3056.0,74.48311183410247,0,3,1,2,0,Central Midfield
donny van de beek,Central Midfield,26.0,24/25,man utd,girona,5000000,500000.0,0.0,0.0,8,357.0,4.0,11.869225302061125,6.5,0.0,12.0,0.0520231213872832,9.555555555555555,16.0,203.0,21.707867361922503,0,1,5,-4,0,Central Midfield
sergi roberto,Central Midfield,31.0,24/25,barcelona,como,2500000,0.0,0.0,0.0,14,860.0,9.6,25.977256574271504,21.0,5.0,63.0,0.039348710990502,88.58333333333334,30.0,1030.0,35.50522830344384,0,1,5,-4,0,Central Midfield
scott mctominay,Central Midfield,26.0,24/25,man utd,napoli,32000000,30500000.0,0.0,0.0,32,1901.0,21.1,61.709310589907616,24.0,8.0,93.0,0.0560949298813376,40.9727626459144,97.0,1006.0,41.68531804593551,0,1,1,0,1,Central Midfield
cesare casadei,Central Midfield,20.0,24/25,chelsea,torino,10000000,13000000.0,0.0,0.2579,11,79.0,0.9,11.584932480454867,4.0,0.0,4.0,0.037037037037037,6.140350877192982,6.0,102.0,21.41977856997322,0,1,3,-2,1,Central Midfield
mathis amougou,Central Midfield,18.0,24/25,saint-étienne,chelsea,5000000,15000000.0,0.0,0.0,17,958.9433962264152,10.65566037735849,30.861695565300188,26.24056603773585,3.0,69.91509433962264,0.0701669806243378,350.01111018277595,42.63207547169812,670.7547169811321,31.9882914618694,1,3,1,2,1,Central Midfield
daniel maldini,Attacking Midfield,21.0,24/25,monza,atalanta,6000000,10000000.0,0.0,0.0,18,596.0,6.6,27.00781805259417,25.0,5.0,42.0,0.111864406779661,19.754601226993863,18.0,290.0,19.920893939189916,0,5,2,3,1,Attacking Midfield
daniel maldini,Attacking Midfield,21.0,24/25,ac milan,monza,4500000,5000000.0,0.0,0.0,18,596.0,6.6,27.00781805259417,25.0,5.0,42.0,0.111864406779661,16.428571428571427,18.0,290.0,19.903384674603103,0,1,5,-4,1,Attacking Midfield
cher ndour,Central Midfield,19.0,24/25,paris sg,fiorentina,4000000,5000000.0,0.0,0.0,3,28.0,0.3,1.3148542999289268,0.0,0.0,2.0,0.0666666666666666,3.082191780821918,2.0,44.0,16.82216511490497,0,1,3,-2,0,Central Midfield
charles de ketelaere,Attacking Midfield,22.0,24/25,ac milan,atalanta,34000000,23200000.0,0.0,0.0,35,2026.0,22.5,67.02203269367449,95.5,18.0,214.0,0.1247723132969034,76.625,70.0,1007.0,46.07901760235613,0,1,2,-1,1,Attacking Midfield
conor gallagher,Central Midfield,23.0,24/25,chelsea,atlético,50000000,42000000.0,0.0,0.0,37,3128.0,34.8,84.70149253731344,106.5,12.0,234.0,0.0442079410560785,140.35714285714286,178.0,3022.0,77.15077500968601,0,1,1,0,1,Central Midfield
joao palhinha,Defensive Midfield,28.0,24/25,fulham,bayern munich,55000000,51000000.0,0.0,0.0,33,2699.0,30.0,73.96943852167735,29.5,5.0,105.0,0.03125,102.92079207920791,255.0,2065.0,64.66921880737868,0,4,1,3,1,Defensive Midfield
daichi kamada,Attacking Midfield,26.0,24/25,lazio,crystal palace,18000000,0.0,0.0,0.0,29,1544.0,17.2,53.28713574982232,47.5,4.0,136.0,0.036068530207394,76.23115577889448,95.0,1439.0,49.11546328157429,0,2,3,-1,1,Attacking Midfield
juan cuadrado,Right Midfield,36.0,24/25,inter,atalanta,1000000,0.0,0.0,0.0,26,1249.4,13.86,45.561478322672365,41.3,4.2,121.8,0.0465087204090708,730.7524841915085,47.0,1072.2,43.93066324137025,1,1,2,-1,1,Central Midfield
dani olmo,Attacking Midfield,25.0,24/25,leipzig,barcelona,60000000,55000000.0,0.0,0.0,21,1449.0,16.1,42.3951670220327,62.5,9.0,128.0,0.063231850117096,38.27205882352941,46.0,930.0,40.65977594793267,0,1,1,0,0,Attacking Midfield
xavi simons,Attacking Midfield,20.0,24/25,paris sg,leipzig,80000000,50000000.0,0.0,0.0,32,2653.0,29.5,72.15707178393747,167.0,19.0,338.0,0.06989543203082,95.93886462882097,69.0,1981.0,70.23688028414193,0,1,1,0,1,Attacking Midfield
luis hasa,Central Midfield,20.0,24/25,lecce,napoli,1000000,500000.0,0.0,0.0,18,975.2337662337662,10.836363636363636,32.276927053046464,26.12987012987013,2.363636363636364,59.298701298701296,0.0891250790502969,571.5365828196461,34.896103896103895,582.6103896103896,28.85226651406373,1,5,1,4,0,Central Midfield
ibrahim sulemana,Defensive Midfield,20.0,24/25,cagliari,atalanta,4000000,7400000.0,0.0,0.0,21,1339.0,14.9,40.90262970859986,14.0,2.0,42.0,0.0551053484602917,34.950980392156865,67.0,699.0,31.68590349246439,0,4,2,2,1,Defensive Midfield
