PlayerName,Position,Age,Season,LeftClub,JoinedClub,MarketValue,Fee,Loan_Index,Injury_Index,Performance_Index,Role_In_Prev_Club_Index,Delta_Club_Rank,Transfer_Success
jasper cillessen,Goalkeeper,30.0,19/20,barcelona,valencia,18000000.0,35000000.0,0.0,0.0,50.768097003553706,7.894736842105263,3,0
emil audero,Goalkeeper,22.0,19/20,juventus,sampdoria,15000000.0,20000000.0,0.2664,0.0,86.18609725816108,94.73684210526316,4,0
alex remiro,Goalkeeper,24.0,19/20,bilbao athletic,real sociedad,1500000.0,0.0,0.0,0.0,61.59753449252104,47.368421052631575,0,1
Pau López,Goalkeeper,24.0,19/20,real betis,roma,20000000.0,23500000.0,0.0,0.0,80.4548941006789,86.84210526315789,0,0
alfred gomis,Goalkeeper,25.0,19/20,spal,dijon,2000000.0,1000000.0,0.0,0.0,62.69971382064644,50.0,0,1
kevin trapp,Goalkeeper,29.0,19/20,paris sg,frankfurt,10000000.0,7000000.0,0.0,0.0,84.04290443893721,86.84210526315789,2,1
keylor navas,Goalkeeper,32.0,19/20,real madrid,paris sg,10000000.0,15000000.0,0.0,0.0,59.99925279657554,26.31578947368421,0,1
gabriel brazao,Goalkeeper,19.0,19/20,parma,inter,2000000.0,6300000.0,0.0,0.0,47.77242103823617,44.73684210526315,-4,0
tom heaton,Goalkeeper,33.0,19/20,burnley,aston villa,3000000.0,8800000.0,0.0,0.0,56.92583662047905,50.0,-2,0
oier olazabal,Goalkeeper,29.0,19/20,levante,espanyol,2000000.0,1500000.0,0.0,0.0,77.87074993434919,55.26315789473684,-1,1
tomas koubek,Goalkeeper,26.0,19/20,rennes jugend,augsburg,6000000.0,7500000.0,0.0,0.0,79.84916904015896,84.21052631578947,1,1
david ospina,Goalkeeper,30.0,19/20,arsenal,napoli,4000000.0,3500000.0,0.1989,0.3079751813551473,59.73265016177325,42.10526315789473,0,1
orestis karnezis,Goalkeeper,34.0,19/20,udinese,napoli,1500000.0,1500000.0,0.4994,0.0,64.36394103892636,23.684210526315788,-1,1
gianluigi buffon,Goalkeeper,41.0,19/20,paris sg,juventus,1000000.0,0.0,0.0,0.0,66.32262197846633,44.73684210526315,0,1
neto,Goalkeeper,30.0,19/20,valencia,barcelona,18000000.0,26000000.0,0.0,0.0,87.57375279815732,89.4736842105263,-3,1
benjamin lecomte,Goalkeeper,28.0,19/20,montpellier,monaco,17000000.0,13500000.0,0.0,0.0,85.3575824157451,97.36842105263158,-3,1
ciprian tatarusanu,Goalkeeper,33.0,19/20,nantes,lyon,2500000.0,0.0,0.0,0.0,65.35486372290303,71.05263157894737,-2,1
ionut radu,Goalkeeper,22.0,19/20,genoa,inter,15000000.0,11500000.0,0.0,0.0,76.91023010540393,86.84210526315789,-4,1
ionut radu,Goalkeeper,22.0,19/20,genoa,inter,15000000.0,11500000.0,0.3334,0.0632210526315789,76.91023010540393,86.84210526315789,-4,1
alex meret,Goalkeeper,22.0,19/20,udinese,napoli,25000000.0,26000000.0,0.2039,0.6352929824561404,69.31756778548697,34.210526315789465,-1,1
adrian,Goalkeeper,32.0,19/20,west ham,liverpool,3500000.0,0.0,0.0,0.0,61.20490784276256,55.26315789473684,-3,1
sergio rico,Goalkeeper,26.0,20/21,sevilla fc,paris sg,8000000.0,6000000.0,0.0,0.0,11.046445709512165,5.263157894736842,-1,0
claudio bravo,Goalkeeper,37.0,20/21,man city,real betis,1200000.0,0.0,0.0,0.0,39.099151939076606,9.210526315789473,2,1
runar alex runarsson,Goalkeeper,25.0,20/21,dijon,arsenal,1200000.0,2000000.0,0.0,0.0,24.488390630211697,25.0,-3,0
joe hart,Goalkeeper,33.0,20/21,burnley,tottenham,2400000.0,0.0,0.0,0.0,50.663157444683016,39.47368421052632,-3,0
ciprian tatarusanu,Goalkeeper,34.0,20/21,lyon,ac milan,1200000.0,1000000.0,0.0,0.0,66.21087313394561,5.263157894736842,1,1
gregor kobel,Goalkeeper,22.0,20/21,hoffenheim,stuttgart,4000000.0,7200000.0,0.2039,0.1476701754385964,38.75128811486937,31.57894736842105,0,1
orestis karnezis,Goalkeeper,35.0,20/21,napoli,lille,500000.0,5130000.0,0.0,0.0,64.04119710095412,39.47368421052632,1,1
antonio rosati,Goalkeeper,37.0,20/21,torino,fiorentina,100000.0,0.0,0.0,0.0,18.946394820995955,2.631578947368421,0,0
geronimo rulli,Goalkeeper,28.0,20/21,real sociedad,villarreal,8000000.0,5000000.0,0.2614,0.0,83.21707932021445,65.78947368421052,0,1
david button,Goalkeeper,31.0,20/21,brighton,west brom,1200000.0,1100000.0,0.0,0.0,50.663157444683016,39.47368421052632,2,1
anthony racioppi,Goalkeeper,21.0,20/21,lyon,dijon,450000.0,0.0,0.0,0.0,40.57668150574541,23.684210526315788,4,0
andreas luthe,Goalkeeper,33.0,20/21,augsburg,union berlin,400000.0,0.0,0.0,0.0,46.70295897117972,26.31578947368421,-1,0
alfred gomis,Goalkeeper,26.0,20/21,dijon,rennes jugend,2400000.0,10000000.0,0.0,0.0,69.34112273427704,48.68421052631579,-2,1
edouard mendy,Goalkeeper,28.0,20/21,rennes jugend,chelsea,7000000.0,24000000.0,0.0,0.0,75.4813661256392,63.1578947368421,-2,1
pepe reina,Goalkeeper,37.0,20/21,ac milan,lazio,800000.0,0.0,0.0,0.0,42.89268790988104,34.210526315789465,1,1
will norris,Goalkeeper,26.0,20/21,wolves,burnley,250000.0,266666.0,0.3636,0.0,37.75015608401934,31.57894736842105,1,0
alexander nubel,Goalkeeper,23.0,20/21,fc schalke 04,bayern munich,9500000.0,0.0,0.0,0.0,66.62559089168508,68.42105263157893,-4,0
luigi sepe,Goalkeeper,29.0,20/21,napoli,parma,6000000.0,4580000.0,0.4038,0.2855368421052632,89.10648125425273,89.4736842105263,3,1
alexander schwolow,Goalkeeper,28.0,20/21,freiburg,hertha bsc,7000000.0,7000000.0,0.0,0.0,67.1939844984226,61.8421052631579,2,1
paul bernardoni,Goalkeeper,23.0,20/21,g. bordeaux,angers,5500000.0,7500000.0,0.0,0.0,67.27973771150187,64.4736842105263,0,1
rafael,Goalkeeper,38.0,20/21,cagliari,spezia,200000.0,0.0,0.0,0.0,7.138780998360815,13.157894736842104,0,0
rafal gikiewicz,Goalkeeper,33.0,20/21,union berlin,augsburg,1200000.0,0.0,0.0,0.0,60.92232832370848,50.0,1,0
emiliano martinez,Goalkeeper,27.0,20/21,arsenal,aston villa,8000000.0,17400000.0,0.3112,0.0,64.45508654461665,22.36842105263157,1,1
wayne hennessey,Goalkeeper,34.0,21/22,crystal palace,burnley,1000000.0,0.0,0.0,0.0,49.23669376487071,44.73684210526315,2,0
angus gunn,Goalkeeper,25.0,21/22,southampton,norwich,3000000.0,5850000.0,0.0,0.0,65.5858875001957,42.10526315789473,0,1
tom heaton,Goalkeeper,35.0,21/22,aston villa,man utd,1000000.0,0.0,0.0,0.0,49.86444040889657,57.89473684210527,-1,0
marco silvestri,Goalkeeper,30.0,21/22,hellas verona,udinese,9000000.0,2200000.0,0.0,0.0,73.3836878731379,89.4736842105263,-1,0
florian muller,Goalkeeper,23.0,21/22,mainz,stuttgart,8000000.0,5000000.0,0.0,0.0,80.25917327065667,81.57894736842105,-1,0
frederik ronnow,Goalkeeper,29.0,21/22,frankfurt,union berlin,2500000.0,1000000.0,0.0,0.0,54.27651218648791,36.84210526315789,0,1
juan musso,Goalkeeper,27.0,21/22,udinese,atalanta,20000000.0,20500000.0,0.0,0.0,82.04280514964938,92.10526315789474,0,1
mathew ryan,Goalkeeper,29.0,21/22,brighton,real sociedad,6000000.0,0.0,0.1847,0.1693421052631578,42.5059785040146,36.84210526315789,0,1
gianluigi donnarumma,Goalkeeper,22.0,21/22,ac milan,paris sg,60000000.0,0.0,0.0,0.0,86.60566716653895,97.36842105263158,-1,1
daniele padelli,Goalkeeper,35.0,21/22,inter,udinese,400000.0,0.0,0.0,0.0,48.84715969393558,0.0,2,0
boris radunovic,Goalkeeper,25.0,21/22,atalanta,cagliari,300000.0,625000.0,0.4131,0.0991368421052631,52.50775876422492,44.73684210526315,2,0
rui silva,Goalkeeper,27.0,21/22,granada,real betis,12000000.0,0.0,0.0,0.0,74.92675834490336,84.21052631578947,-2,1
rui patricio,Goalkeeper,33.0,21/22,wolves,roma,10000000.0,11800000.0,0.0,0.0,83.38975142579137,97.36842105263158,-1,1
jens grahl,Goalkeeper,32.0,21/22,stuttgart,frankfurt,200000.0,250000.0,0.0,0.0,53.45597701210381,50.0,0,0
gregor kobel,Goalkeeper,23.0,21/22,stuttgart,dortmund,13000000.0,15000000.0,0.0,0.0,75.00344630765322,86.84210526315789,-1,1
mike maignan,Goalkeeper,26.0,21/22,lille,ac milan,25000000.0,16399999.0,0.0,0.0,100.0,100.0,-1,1
salvatore sirigu,Goalkeeper,34.0,21/22,torino,genoa,2500000.0,0.0,0.0,0.0,69.42241431709459,84.21052631578947,2,1
alban lafont,Goalkeeper,22.0,21/22,fiorentina,nantes,10000000.0,7500000.0,0.1477,0.0,78.76773629230645,100.0,0,1
yann sommer,Goalkeeper,33.0,22/23,mönchengladbach,bayern munich,5000000.0,9000000.0,0.0,0.0,82.82232181567161,86.84210526315789,-2,1
ivan provedel,Goalkeeper,28.0,22/23,spezia,lazio,3500000.0,2550000.0,0.0,0.0,86.52585982865669,81.57894736842105,-2,1
michele di gregorio,Goalkeeper,25.0,22/23,inter,monza,3800000.0,6000000.0,0.4644,0.0,71.61572657474522,65.78947368421052,4,1
salvatore sirigu,Goalkeeper,35.0,22/23,napoli,fiorentina,800000.0,0.0,0.0,0.0,93.0322466560097,97.36842105263158,1,1
sergio asenjo,Goalkeeper,33.0,22/23,villarreal,real valladolid,4000000.0,0.0,0.0,0.0,22.109862109947045,15.789473684210526,2,1
brice samba,Goalkeeper,28.0,22/23,nott'm forest,lens,2500000.0,5000000.0,0.0,0.0,71.50134997210468,63.1578947368421,0,1
neto,Goalkeeper,33.0,22/23,barcelona,bournemouth,3000000.0,0.0,0.0,0.0,17.70476687270734,7.894736842105263,3,1
joel robles,Goalkeeper,32.0,22/23,real betis,leeds united,1500000.0,0.0,0.0,0.0,55.08277219043655,50.0,1,1
benoit costil,Goalkeeper,35.0,22/23,aj auxerre,lille,1500000.0,0.0,0.0,0.0,48.374740240738745,65.78947368421052,-2,1
bernd leno,Goalkeeper,30.0,22/23,arsenal,fulham,9000000.0,3600000.0,0.0,0.0,32.63520589944734,10.526315789473683,2,1
jonas omlin,Goalkeeper,28.0,22/23,montpellier,mönchengladbach,7000000.0,9000000.0,0.0,0.0,89.72303120980543,76.3157894736842,-2,1
benjamin lecomte,Goalkeeper,31.0,22/23,monaco,montpellier,4000000.0,2000000.0,0.0,0.0,66.88214496924454,65.78947368421052,3,1
robin olsen,Goalkeeper,32.0,22/23,roma,aston villa,2000000.0,3500000.0,0.5324,0.0,0.0,2.631578947368421,0,1
bartlomiej dragowski,Goalkeeper,25.0,22/23,fiorentina,spezia,6000000.0,2450000.0,0.3283,0.4360449122807017,71.61572657474522,65.78947368421052,2,0
darren randolph,Goalkeeper,35.0,22/23,west ham,bournemouth,500000.0,0.0,0.0,0.0,77.04282553300288,47.368421052631575,0,0
thomas strakosha,Goalkeeper,27.0,22/23,lazio,brentford,7000000.0,0.0,0.0,0.0,65.53549038942214,60.526315789473685,1,0
fraser forster,Goalkeeper,34.0,22/23,southampton,tottenham,2000000.0,0.0,0.4988,0.1132421052631578,57.206863463953326,50.0,-3,0
diego lopez,Goalkeeper,40.0,22/23,espanyol,rayo vallecano,500000.0,0.0,0.0,0.0,84.63010260873935,93.42105263157892,0,0
kasper schmeichel,Goalkeeper,35.0,22/23,leicester,nice,4000000.0,1000000.0,0.0,0.0,89.5849850482373,97.36842105263158,-1,1
marcel lotka,Goalkeeper,21.0,22/23,hertha bsc,dortmund,1300000.0,0.0,0.0,0.0,45.59683246431611,25.0,-3,0
marcin bulka,Goalkeeper,23.0,22/23,paris sg,nice,2000000.0,2000000.0,0.0,0.0,58.91751954186531,44.73684210526315,2,1
kiko casilla,Goalkeeper,35.0,22/23,leeds united,getafe,700000.0,0.0,0.5556,0.0674035087719298,51.377018012111655,36.84210526315789,0,0
pau lopez,Goalkeeper,27.0,22/23,roma,marseille,12000000.0,12000000.0,0.3135,0.1050719298245614,69.7548496262014,76.3157894736842,-1,0
federico brancolini,Goalkeeper,21.0,22/23,fiorentina,lecce,200000.0,0.0,0.0,0.0,31.91263726779756,18.421052631578945,2,0
alphonse areola,Goalkeeper,29.0,22/23,paris sg,west ham,8000000.0,9300000.0,0.0,0.0,12.017419223409128,2.631578947368421,3,1
pepe reina,Goalkeeper,39.0,22/23,lazio,villarreal,700000.0,0.0,0.0,0.0,37.81708894795358,39.47368421052632,0,0
yann sommer,Goalkeeper,34.0,23/24,bayern munich,inter,5000000.0,6900000.0,0.0,0.0,75.24577609723369,76.3157894736842,0,1
alex dominguez,Goalkeeper,25.0,23/24,ud las palmas,toulouse,300000.0,1100000.0,0.0,0.0,71.80317251620072,50.0,0,0
andre onana,Goalkeeper,27.0,23/24,inter,man utd,35000000.0,50200000.0,0.0,0.0,70.06325819027239,63.1578947368421,1,0
marco sportiello,Goalkeeper,31.0,23/24,atalanta,ac milan,1500000.0,0.0,0.0,0.0,44.93959607942011,38.1578947368421,-1,1
mark flekken,Goalkeeper,30.0,23/24,freiburg,brentford,10000000.0,13000000.0,0.0,0.0,95.74496660586924,89.4736842105263,1,1
matej kovar,Goalkeeper,23.0,23/24,man utd,leverkusen,1800000.0,5000000.0,0.0,0.0,50.184232736909166,36.84210526315789,1,1
ruben blanco,Goalkeeper,28.0,23/24,celta vigo,marseille,4000000.0,1500000.0,0.3135,0.0,17.857035560146834,15.789473684210526,-2,0
dean henderson,Goalkeeper,26.0,23/24,man utd,crystal palace,18000000.0,17500000.0,0.0,0.0,67.09274249388884,47.368421052631575,1,1
matt turner,Goalkeeper,29.0,23/24,arsenal,nott'm forest,8000000.0,8150000.0,0.0,0.0,64.31406946279323,60.526315789473685,2,1
josep martinez,Goalkeeper,25.0,23/24,leipzig,genoa,3500000.0,3500000.0,0.0,0.0,83.8371222064476,60.526315789473685,3,1
robert sanchez,Goalkeeper,25.0,23/24,brighton,chelsea,22000000.0,23000000.0,0.0,0.0,57.36223926466007,60.526315789473685,-2,1
paulo gazzaniga,Goalkeeper,31.0,23/24,fulham,girona,3000000.0,0.0,0.5266,0.0,66.40679270591261,73.68421052631578,0,0
james trafford,Goalkeeper,20.0,23/24,man city,burnley,15000000.0,17300000.0,0.0,0.0,64.06164846069218,63.1578947368421,4,1
michele cerofolini,Goalkeeper,24.0,23/24,fiorentina,frosinone,500000.0,0.0,0.5993,0.2605473684210527,57.30607461650805,13.157894736842104,2,0
florian muller,Goalkeeper,24.0,23/24,stuttgart,freiburg,1500000.0,1500000.0,0.0,0.0,40.98869845667471,50.0,0,0
finn dahmen,Goalkeeper,25.0,23/24,mainz,augsburg,2500000.0,0.0,0.0,0.0,24.539127378905484,21.052631578947366,0,0
ivo grbic,Goalkeeper,27.0,23/24,atlético,sheffield utd,3500000.0,2500000.0,0.0,0.0,50.90168505907539,26.31578947368421,4,1
vicente guaita,Goalkeeper,36.0,23/24,crystal palace,celta vigo,1000000.0,0.0,0.0,0.0,70.0413447518329,71.05263157894737,1,0
alessio cragno,Goalkeeper,29.0,23/24,cagliari,monza,3000000.0,3600000.0,0.4347,0.1006822966507176,0.0,2.631578947368421,0,1
rjan nyland,Goalkeeper,32.0,23/24,leipzig,sevilla fc,600000.0,0.0,0.0,0.2744736842105263,53.997189997685815,5.263157894736842,0,0
adrian,Goalkeeper,37.0,24/25,liverpool,real betis,600000.0,0.0,0.0,0.0,45.79858396961967,21.052631578947366,2,0
aaron ramsdale,Goalkeeper,26.0,24/25,arsenal,southampton,25000000.0,21400000.0,0.0,0.0,43.99476085504766,15.789473684210526,3,0
odysseas vlachodimos,Goalkeeper,30.0,24/25,nott'm forest,newcastle,7000000.0,23600000.0,0.0,0.0,27.895239956772333,13.157894736842104,-1,1
anthony lopes,Goalkeeper,33.0,24/25,lyon,nantes,1500000.0,0.0,0.0,0.0,87.70482065726617,81.57894736842105,2,1
giorgi mamardashvili,Goalkeeper,23.0,24/25,valencia,liverpool,45000000.0,30000000.0,0.0,0.0,91.31649879234443,96.05263157894736,-3,1
ionut radu,Goalkeeper,27.0,24/25,inter,venezia,1500000.0,0.0,0.5863,0.27472,0.1827224249273769,5.263157894736842,4,0
stole dimitrievski,Goalkeeper,30.0,24/25,rayo vallecano,valencia,4000000.0,0.0,0.0,0.0,90.7582776739966,97.36842105263158,0,1
filip jrgensen,Goalkeeper,22.0,24/25,villarreal,chelsea,20000000.0,24500000.0,0.0,0.0,93.05279331558962,94.73684210526316,-2,1
pepe reina,Goalkeeper,41.0,24/25,villarreal,como,600000.0,0.0,0.0,0.0,19.16294174505252,5.263157894736842,1,0
brice samba,Goalkeeper,30.0,24/25,lens,rennes jugend,15000000.0,14000000.0,0.0,0.0,97.30608813742036,86.84210526315789,-1,1
pierluigi gollini,Goalkeeper,29.0,24/25,atalanta,roma,2500000.0,800000.0,0.3027,0.3473801889338731,31.3589239592044,18.421052631578945,0,1
sam johnstone,Goalkeeper,31.0,24/25,crystal palace,wolves,10000000.0,11900000.0,0.0,0.0,56.97475352100372,52.63157894736842,1,1
mathew ryan,Goalkeeper,32.0,24/25,roma,lens,2500000.0,800000.0,0.0,0.0,50.56156177825628,28.94736842105264,1,0
denis petric,Goalkeeper,36.0,24/25,nantes,lens,100000.0,0.0,0.0,0.0,54.812628683353154,43.42105263157895,1,0
david raya,Goalkeeper,28.0,24/25,brentford,arsenal,35000000.0,31900000.0,0.1364,0.0,77.97141317631898,84.21052631578947,-2,1
rui patricio,Goalkeeper,36.0,24/25,roma,atalanta,1000000.0,0.0,0.0,0.0,57.36223926466007,60.526315789473685,0,0
josep martinez,Goalkeeper,26.0,24/25,genoa,inter,8000000.0,14000000.0,0.0,0.0,72.93072840339292,94.73684210526316,-4,1
remy descamps,Goalkeeper,28.0,24/25,nantes,lyon,1500000.0,0.0,0.0,0.0,40.57057836513314,15.789473684210526,-2,1
daley blind,Centre-Back,32.0,23/24,bayern munich,girona,3000000.0,0.0,0.0,0.0,100.0,23.84587922,-4,1
jose luis palomino,Centre-Back,33.0,24/25,atalanta,cagliari,700000.0,0.0,0.0,0.0,91.86643607,1.073792327,-2,0
taylor harwood-bellis,Centre-Back,21.0,24/25,man city,southampton,22000000.0,23000000.0,0.0,0.0,84.25370642,89.56416664,-3,1
josko gvardiol,Centre-Back,21.0,23/24,leipzig,man city,75000000.0,90000000.0,0.735423333,0.0,81.47018796,60.16807184,0,1
thiago silva,Centre-Back,34.0,20/21,paris sg,chelsea,4800000.0,0.0,0.0,0.0,80.51546734,41.64721391,0,1
dayot upamecano,Centre-Back,21.0,21/22,leipzig,bayern munich,60000000.0,42500000.0,0.0,0.0,79.59132482,61.1018043,0,1
mats hummels,Centre-Back,29.0,19/20,bayern munich,dortmund,35000000.0,30500000.0,0.0,0.0,79.07294421,44.24518716,0,1
eric dier,Centre-Back,29.0,24/25,tottenham,bayern munich,12000000.0,0.0,0.1591,0.239299574,78.99945449,36.54738692,1,1
niklas sule,Centre-Back,25.0,22/23,bayern munich,dortmund,35000000.0,0.0,0.0,0.0,77.75314976,53.41498915,0,1
sergio ramos,Centre-Back,36.0,23/24,paris sg,sevilla fc,4500000.0,0.0,0.0,0.0,76.40640601,70.7110098,-1,1
sergio ramos,Centre-Back,34.0,21/22,real madrid,paris sg,10000000.0,0.0,0.0,0.0,76.2995412,30.59896191,0,1
manuel akanji,Centre-Back,26.0,22/23,dortmund,man city,30000000.0,20000000.0,0.0,0.0,74.07919673,56.58144069,0,1
luca marrone,Centre-Back,29.0,20/21,hellas verona,crotone,750000.0,1000000.0,0.3198,0.10171607,71.81232014,66.67399006,-1,0
ben gibson,Centre-Back,27.0,21/22,burnley,norwich,7000000.0,9300000.0,0.0,0.0,71.47457947,59.07230934,-1,1
benjamin pavard,Centre-Back,26.0,23/24,bayern munich,inter,40000000.0,31400000.0,0.0,0.0,70.96019871,63.59267295,0,1
matthijs de ligt,Centre-Back,23.0,24/25,bayern munich,man utd,65000000.0,45000000.0,0.0,0.0,68.5959419,40.35921237,0,1
min-jae kim,Centre-Back,26.0,23/24,napoli,bayern munich,60000000.0,50000000.0,0.735423333,0.0,68.43138989,77.70027188,0,1
tanguy nianzou,Centre-Back,19.0,22/23,bayern munich,sevilla fc,9000000.0,16000000.0,0.0,0.0,67.96309999,23.88981957,-1,0
duje caleta-car,Centre-Back,24.0,22/23,marseille,southampton,16000000.0,8000000.0,1.830573333,0.0,67.72731144,53.98346744,-3,1
nayef aguerd,Centre-Back,25.0,22/23,rennes jugend,west ham,12000000.0,35000000.0,0.0,0.0,65.98902255,68.79960454,-1,1
jean-clair todibo,Centre-Back,20.0,21/22,barcelona,nice,12000000.0,16500000.0,0.3306,0.737432385,65.70592867,31.30750007,-2,1
jordan beyer,Centre-Back,22.0,23/24,mönchengladbach,burnley,16000000.0,15000000.0,0.0,0.0,64.56241384,64.89165957,-1,1
david luiz,Centre-Back,31.0,19/20,chelsea,arsenal,20000000.0,8700000.0,0.0,0.0,63.80129441,81.37203746,0,0
nikola maksimovic,Centre-Back,28.0,21/22,napoli,genoa,10000000.0,0.0,0.3726,0.337094737,63.44216347,32.0380084,-3,0
malang sarr,Centre-Back,20.0,20/21,nice,chelsea,16000000.0,0.0,0.0,0.0,63.32092744,37.72828385,2,0
waldemar anton,Centre-Back,27.0,24/25,stuttgart,dortmund,20000000.0,22500000.0,0.0,0.0,63.08965883,73.19089336,2,1
kurt zouma,Centre-Back,25.0,21/22,chelsea,west ham,32000000.0,35000000.0,0.2403,0.090894737,62.41295389,51.12734463,-2,0
dean huijsen,Centre-Back,18.0,24/25,juventus,bournemouth,10000000.0,19630000.0,0.0341,0.153668421,61.68456767,19.48754566,-3,1
anthony rouault,Centre-Back,22.0,24/25,toulouse,stuttgart,7000000.0,3000000.0,0.2045,0.271468421,61.30332053,35.39944525,1,0
andreas christensen,Centre-Back,25.0,22/23,chelsea,barcelona,35000000.0,0.0,0.0,0.0,61.27803165,38.20064263,0,1
diego carlos,Centre-Back,28.0,22/23,sevilla fc,aston villa,40000000.0,31000000.0,0.0,0.0,59.37556754,75.32749293,-1,0
leo stigard,Centre-Back,24.0,24/25,napoli,rennes jugend,8000000.0,7000000.0,1.830573333,0.0,59.26134512,47.12328015,-1,1
hiroki ito,Centre-Back,24.0,24/25,stuttgart,bayern munich,30000000.0,23500000.0,0.3653,0.281304993,58.87683427,56.22717161,2,1
christophe herelle,Centre-Back,26.0,20/21,nice,brest,5500000.0,4000000.0,0.0,0.0,58.54180137,28.35525774,-1,1
abdou diallo,Centre-Back,22.0,19/20,dortmund,paris sg,35000000.0,32000000.0,0.0,0.0,58.07572265,60.50037075,0,0
wesley fofana,Centre-Back,20.0,22/23,leicester,chelsea,40000000.0,80400000.0,0.0,0.0,57.49763154,12.56144783,2,0
danilo,Centre-Back,27.0,19/20,man city,juventus,20000000.0,37000000.0,0.0,0.0,57.46866213,19.69076978,0,1
antonio rudiger,Centre-Back,28.0,22/23,chelsea,real madrid,40000000.0,0.0,0.0,0.0,56.9170527,76.27221047,0,1
david alaba,Centre-Back,28.0,21/22,bayern munich,real madrid,55000000.0,0.0,0.0,0.0,55.9462258,69.1648587,0,1
rob holding,Centre-Back,26.0,23/24,arsenal,crystal palace,8000000.0,1200000.0,0.0,0.0,55.82358909,20.07799412,-2,1
kevin vogt,Centre-Back,30.0,23/24,hoffenheim,union berlin,2500000.0,400000.0,0.3953,0.565113423,55.72168492,45.43706918,-2,0
lucas hernandez,Full-Back,26.0,23/24,bayern munich,paris sg,45000000.0,45000000.0,0.0,0.0,55.20009895,10.55392305,0,1
tosin adarabioyo,Centre-Back,25.0,24/25,fulham,chelsea,20000000.0,0.0,0.0,0.0,55.19187228,41.04578035,3,1
milan skriniar,Centre-Back,27.0,23/24,inter,paris sg,50000000.0,0.0,0.0,0.0,55.03892396,44.24518716,0,0
matija nastasic,Centre-Back,28.0,22/23,fiorentina,rcd mallorca,1500000.0,0.0,0.0,0.0,55.00043916,4.745557905,-1,0
loic bade,Centre-Back,20.0,21/22,lens,rennes jugend,12000000.0,17000000.0,0.0,0.0,54.87416299,67.14634883,3,1
raul albiol,Centre-Back,32.0,19/20,napoli,villarreal,5000000.0,4000000.0,0.0,0.0,54.50403432,42.22667729,-1,1
benoit badiashile,Centre-Back,20.0,22/23,monaco,chelsea,40000000.0,38000000.0,0.0,0.0,54.36165847,48.64746107,1,0
dominique heintz,Centre-Back,26.0,21/22,freiburg,union berlin,3000000.0,150000.0,0.0,0.0,54.05950153,38.93115096,-2,0
ibrahima konate,Centre-Back,21.0,21/22,leipzig,liverpool,35000000.0,40000000.0,0.0,0.0,53.79430574,21.73124983,0,1
thilo kehrer,Centre-Back,26.0,24/25,west ham,monaco,10000000.0,11000000.0,0.1875,0.029168421,53.36937776,36.19311784,1,1
oleksandr zinchenko,Full-Back,24.0,22/23,man city,arsenal,25000000.0,35000000.0,0.0,0.0,52.95458071,27.52862988,0,0
tiago djalo,Centre-Back,22.0,23/24,lille,juventus,15000000.0,5100000.0,0.0,0.0,52.86767742,52.20113696,1,1
shane duffy,Centre-Back,29.0,22/23,brighton,fulham,2500000.0,2125000.0,0.0,0.0,52.47752949,36.30022245,-1,0
joachim andersen,Centre-Back,24.0,21/22,lyon,crystal palace,22000000.0,17500000.0,0.2898,0.278242105,52.4412517,74.85513416,-2,1
castello lukeba,Centre-Back,19.0,23/24,lyon,leipzig,25000000.0,30000000.0,0.0,0.0,52.33328332,75.68176201,0,1
arthur theate,Centre-Back,23.0,24/25,rennes jugend,frankfurt,20000000.0,13000000.0,0.0,0.0,51.92761199,59.43756351,-1,1
joachim andersen,Centre-Back,22.0,19/20,sampdoria,lyon,25000000.0,24000000.0,0.0,0.0,51.76417265,71.88092165,2,0
el chadaille bitshiabu,Centre-Back,17.0,23/24,paris sg,leipzig,7000000.0,15000000.0,0.0,0.0,51.7373358,19.12229149,0,1
pablo mari,Centre-Back,29.0,24/25,monza,fiorentina,3500000.0,1800000.0,0.1591,0.222954472,51.13605368,70.84008459,2,0
laurent koscielny,Centre-Back,32.0,19/20,arsenal,g. bordeaux,8000000.0,5000000.0,0.0,0.0,50.7666632,33.69126411,-2,1
jules kounde,Full-Back,22.0,22/23,sevilla fc,barcelona,60000000.0,50000000.0,0.0,0.0,50.66351042,69.99148656,1,1
aissa mandi,Centre-Back,31.0,24/25,villarreal,lille,1800000.0,0.0,0.0,0.0,50.55056851,29.66522945,0,0
harry maguire,Centre-Back,25.0,19/20,leicester,man utd,50000000.0,87000000.0,0.0,0.0,50.4984896,66.91016944,2,1
leonardo bonucci,Centre-Back,35.0,23/24,juventus,union berlin,1500000.0,0.0,0.0,0.0,50.29326594,26.59489743,-4,0
luiz felipe,Centre-Back,24.0,22/23,lazio,real betis,16000000.0,0.0,0.0,0.0,49.600587,65.61118282,-1,0
konstantinos mavropanos,Centre-Back,24.0,23/24,stuttgart,west ham,15000000.0,20000000.0,0.1023,0.156568122,49.16425156,59.31947381,0,1
willian pacho,Centre-Back,21.0,24/25,frankfurt,paris sg,35000000.0,40000000.0,0.0,0.0,49.06918264,74.2537006,2,1
pau torres,Centre-Back,25.0,23/24,villarreal,aston villa,45000000.0,33000000.0,0.3425,0.0,48.96873604,76.50838986,-1,1
alessio romagnoli,Centre-Back,26.0,22/23,ac milan,lazio,17000000.0,0.0,0.0,0.0,48.60546587,37.13783539,-1,1
pablo mari,Centre-Back,28.0,23/24,arsenal,monza,5000000.0,6200000.0,0.4632,0.264892426,48.60463888,64.30121111,-4,0
marcal,Full-Back,31.0,20/21,lyon,wolves,2400000.0,2000000.0,0.0,0.0,48.3177713,19.92694917,-3,0
robin le normand,Centre-Back,26.0,24/25,real sociedad,atlético,40000000.0,34500000.0,0.0,0.0,47.87294906,62.8731497,2,1
shkodran mustafi,Centre-Back,27.0,20/21,arsenal,fc schalke 04,12000000.0,0.0,0.0,0.0,47.74667495,29.65424436,-2,0
sven botman,Centre-Back,21.0,22/23,lille,newcastle,30000000.0,37000000.0,0.0,0.0,47.34145298,55.27146898,-1,1
giorgio altare,Centre-Back,24.0,24/25,cagliari,venezia,2000000.0,1500000.0,0.3523,0.0,47.05137193,63.73273282,-1,0
luca marrone,Centre-Back,28.0,19/20,juventus,hellas verona,800000.0,450000.0,0.6269,0.197448842,46.90524318,49.10883476,-3,0
thilo kehrer,Centre-Back,24.0,22/23,paris sg,west ham,22000000.0,12000000.0,0.0,0.0,46.85363269,47.97187818,-2,0
diego llorente,Centre-Back,25.0,20/21,real sociedad,leeds united,20000000.0,20000000.0,0.0,0.0,46.61838714,61.1018043,-2,0
aissa mandi,Centre-Back,28.0,21/22,real betis,villarreal,8000000.0,0.0,0.0,0.0,46.57202221,60.73655013,1,1
nayef aguerd,Centre-Back,23.0,20/21,dijon,rennes jugend,4000000.0,4000000.0,0.0,0.0,46.45498562,21.58020487,3,1
gabriel magalhaes,Centre-Back,21.0,20/21,lille,arsenal,20000000.0,26000000.0,0.3198,0.074047368,46.15285985,51.95397248,1,1
andrea ranocchia,Centre-Back,33.0,22/23,inter,monza,800000.0,0.0,0.0,0.0,45.74440489,7.590695631,-4,0
raphael varane,Centre-Back,27.0,21/22,real madrid,man utd,70000000.0,40000000.0,0.0,0.0,45.67240449,68.56342515,0,0
logan costa,Centre-Back,22.0,24/25,toulouse,villarreal,12000000.0,18000000.0,0.0,0.0,45.42776109,67.6187076,2,1
konstantinos mavropanos,Centre-Back,23.0,22/23,arsenal,stuttgart,15000000.0,3200000.0,0.3498,0.307466467,45.21201789,68.44533546,-2,0
lyanco,Centre-Back,23.0,21/22,torino,southampton,5000000.0,7500000.0,0.3157,0.325672415,45.04398551,49.10883476,-1,1
danilo d'ambrosio,Centre-Back,33.0,23/24,inter,monza,1500000.0,0.0,0.0,0.0,45.02128425,23.39549062,-4,0
mateo musacchio,Centre-Back,28.0,20/21,ac milan,lazio,4500000.0,0.0,0.0,0.0,44.96286069,36.65449153,-1,1
matthias ginter,Centre-Back,27.0,22/23,mönchengladbach,freiburg,18000000.0,0.0,0.0,0.0,44.86127643,60.26419136,0,0
leny yoro,Centre-Back,17.0,24/25,lille,man utd,50000000.0,62000000.0,0.0,0.0,44.61965617,69.1648587,1,1
joachim andersen,Centre-Back,27.0,24/25,crystal palace,fulham,35000000.0,29500000.0,0.0,0.0,44.32885097,85.99950567,-1,1
riccardo calafiori,Full-Back,21.0,24/25,bologna,arsenal,45000000.0,45000000.0,0.0,0.0,43.98088239,62.52986571,2,1
emre can,Centre-Back,25.0,20/21,juventus,dortmund,24000000.0,25000000.0,0.1136,0.291527984,43.70084648,22.77208689,0,1
sinaly diomande,Centre-Back,23.0,24/25,lyon,aj auxerre,4000000.0,0.0,0.735423333,0.0,43.67181166,19.561695,-4,0
kieran trippier,Full-Back,27.0,19/20,tottenham,atlético,35000000.0,22000000.0,0.0,0.0,43.57366988,58.0095021,1,0
roger ibanez,Centre-Back,22.0,21/22,atalanta,roma,25000000.0,11800000.0,0.0,0.0,43.43050862,63.12031417,1,1
kalidou koulibaly,Centre-Back,30.0,22/23,napoli,chelsea,35000000.0,41900000.0,0.0,0.0,43.21930945,59.66275781,0,0
chris richards,Centre-Back,21.0,22/23,bayern munich,crystal palace,7500000.0,12000000.0,0.2289,0.406960979,43.0208907,36.91264109,-2,1
marc oliver kempf,Centre-Back,26.0,21/22,stuttgart,hertha bsc,7000000.0,500000.0,0.0,0.0,42.89085798,69.87339686,0,1
reece oxford,Centre-Back,19.0,19/20,west ham,augsburg,4000000.0,2000000.0,0.483,0.309669584,42.50125018,12.10007415,0,1
matthijs de ligt,Centre-Back,21.0,22/23,juventus,bayern munich,70000000.0,67000000.0,0.0,0.0,42.49041978,67.97297668,0,1
cristian romero,Centre-Back,23.0,22/23,atalanta,tottenham,48000000.0,52000000.0,0.1579,0.373440555,42.3905483,46.38178672,0,1
tyrone mings,Centre-Back,25.0,19/20,bournemouth,aston villa,5000000.0,22300000.0,0.2386,0.2142,42.10398514,30.8351413,1,1
jannik vestergaard,Centre-Back,27.0,21/22,southampton,leicester,18000000.0,17600000.0,0.0,0.0,42.09094728,65.48210804,1,1
nathan collins,Centre-Back,21.0,23/24,wolves,brentford,22000000.0,26850000.0,0.0,0.0,41.96897151,50.79504573,-1,1
oscar mingueza,Full-Back,22.0,22/23,barcelona,celta vigo,6000000.0,0.0,0.0,0.0,41.8124776,30.28863318,-2,1
felix passlack,Full-Back,24.0,23/24,dortmund,vfl bochum,1500000.0,0.0,0.0,0.0,41.77258038,0.35426908,-4,0
marin pongracic,Centre-Back,25.0,24/25,lecce,fiorentina,7000000.0,15000000.0,0.0,0.0,41.64463359,81.13585807,2,1
omer toprak,Centre-Back,30.0,20/21,dortmund,werder bremen,3500000.0,4000000.0,0.418,0.753800853,41.54310312,17.19990113,-2,0
diego godin,Centre-Back,33.0,20/21,inter,cagliari,5000000.0,0.0,0.0,0.0,41.33091445,44.73951611,-3,1
filippo romagna,Centre-Back,22.0,20/21,cagliari,sassuolo,4500000.0,4000000.0,0.2045,0.741868421,41.19811636,36.77258122,1,1
leo stigard,Centre-Back,22.0,22/23,brighton,napoli,5000000.0,5500000.0,0.0,0.0,41.19368951,25.853404,2,1
maximilian kilman,Centre-Back,27.0,24/25,wolves,west ham,32000000.0,47500000.0,0.0,0.0,41.19233658,86.11759536,1,1
guillermo maripan,Centre-Back,29.0,24/25,monaco,torino,10000000.0,4600000.0,0.0,0.0,41.15031359,46.51086151,-1,0
nikola milenkovic,Centre-Back,25.0,24/25,fiorentina,nott'm forest,15000000.0,12300000.0,0.0,0.0,41.10526956,69.42300827,-2,1
ian maatsen,Full-Back,21.0,24/25,chelsea,aston villa,40000000.0,44500000.0,0.0682,0.073752632,41.06758882,31.55466454,-2,1
francesco acerbi,Centre-Back,34.0,23/24,lazio,inter,4000000.0,4000000.0,0.2159,0.115450877,40.99696175,64.66646527,1,1
emerson royal,Full-Back,25.0,24/25,tottenham,ac milan,18000000.0,15000000.0,0.0,0.0,40.82914655,37.40697004,1,0
maxence lacroix,Centre-Back,23.0,24/25,wolfsburg,crystal palace,20000000.0,18000000.0,0.0,0.0,40.70385911,60.26419136,0,1
flavius daniliuc,Centre-Back,20.0,22/23,nice,salernitana,8000000.0,5800000.0,0.0,0.0,40.24665307,41.56207948,-2,1
robin knoche,Centre-Back,27.0,20/21,wolfsburg,union berlin,6500000.0,0.0,0.0,0.0,39.72711253,41.88339329,-2,1
gianluca mancini,Centre-Back,23.0,20/21,atalanta,roma,22000000.0,24000000.0,0.2873,0.059921053,39.4884158,69.99148656,1,1
fikayo tomori,Centre-Back,22.0,21/22,chelsea,ac milan,28000000.0,35300000.0,0.0,0.0,39.35813344,37.24493999,0,1
nico schlotterbeck,Centre-Back,21.0,22/23,freiburg,dortmund,33000000.0,20000000.0,0.3669,0.249749123,39.35334873,70.58193502,2,1
evan ndicka,Centre-Back,23.0,23/24,frankfurt,roma,28000000.0,0.0,0.0,0.0,39.00231295,67.01727405,2,1
marcos alonso,Centre-Back,32.0,24/25,barcelona,celta vigo,2000000.0,0.0,0.0,0.0,38.97053511,5.217916678,-2,1
florian lejeune,Centre-Back,31.0,23/24,alavés,rayo vallecano,4000000.0,2500000.0,0.3068,0.096273684,38.62652512,66.55590037,0,0
robin koch,Centre-Back,23.0,20/21,freiburg,leeds united,17000000.0,13000000.0,0.0,0.0,38.61508767,69.63721748,-2,1
stefan posch,Centre-Back,25.0,23/24,hoffenheim,bologna,14000000.0,5000000.0,0.3726,0.030778947,38.61253054,66.31972098,0,0
leonardo balerdi,Centre-Back,21.0,21/22,dortmund,marseille,8000000.0,11000000.0,0.2646,0.0,38.56149247,42.47384176,0,1
martin erlic,Centre-Back,23.0,21/22,spezia,sassuolo,3000000.0,3000000.0,0.0,0.0,38.5157073,51.75074836,2,0
miguel gutierrez,Full-Back,20.0,22/23,real madrid,girona,6000000.0,11000000.0,0.0,0.0,38.25011069,2.952242331,-4,1
santiago bueno,Centre-Back,23.0,23/24,girona,wolves,8000000.0,12000000.0,0.0,0.0,38.07182744,75.91794139,1,1
javier manquillo,Full-Back,28.0,23/24,newcastle,celta vigo,2000000.0,0.0,0.0,0.0,37.99705331,1.19188202,0,0
cristian zapata,Centre-Back,32.0,19/20,ac milan,genoa,2000000.0,0.0,0.735423333,0.0,37.87046578,24.90868646,-3,0
patrick burner,Full-Back,23.0,20/21,nice,nîmes,3200000.0,1500000.0,0.0,0.0,37.72893691,38.5658968,-2,0
neco williams,Full-Back,20.0,22/23,liverpool,nott'm forest,8000000.0,20000000.0,0.0,0.0,37.72751837,28.22618296,-4,0
axel disasi,Centre-Back,24.0,23/24,monaco,chelsea,30000000.0,45000000.0,0.0,0.0,37.38404412,84.93669843,1,0
biagio meccariello,Centre-Back,27.0,19/20,brescia,lecce,600000.0,100000.0,0.0,0.0,37.11942558,72.71853459,0,0
duje caleta-car,Centre-Back,26.0,24/25,southampton,lyon,7000000.0,3590000.0,0.0,0.0,37.11357466,50.65498586,3,1
noussair mazraoui,Full-Back,25.0,24/25,bayern munich,man utd,30000000.0,15000000.0,0.0,0.0,36.90403696,34.30368275,0,1
micky van de ven,Centre-Back,21.0,23/24,wolfsburg,tottenham,30000000.0,40000000.0,0.0,0.0,36.84992728,74.2537006,1,1
inigo martinez,Centre-Back,31.0,23/24,bilbao athletic,barcelona,10000000.0,0.0,0.0,0.0,36.51338373,31.42558976,2,1
armando izzo,Centre-Back,30.0,23/24,torino,monza,3000000.0,3000000.0,0.4205,0.30214386,36.5021831,64.06503172,-2,0
hamari traore,Full-Back,30.0,23/24,rennes jugend,real sociedad,10000000.0,0.0,0.0,0.0,36.38947103,66.08354159,-1,1
martin caceres,Centre-Back,31.0,19/20,lazio,fiorentina,1500000.0,0.0,0.1818,0.368145029,36.24001995,23.72778953,-1,0
melvin bard,Full-Back,19.0,21/22,lyon,nice,5000000.0,3000000.0,0.0,0.0,36.02465114,18.30664872,-2,0
simon kjaer,Centre-Back,30.0,20/21,sevilla fc,ac milan,7000000.0,3680000.0,1.500401389,1.447937718,35.72732154,39.86488342,1,1
jake o'brien,Full-Back,22.0,24/25,lyon,everton,12000000.0,19500000.0,0.0,0.0,35.58054362,59.19039903,-2,0
unai nunez,Centre-Back,26.0,24/25,bilbao athletic,celta vigo,7000000.0,7000000.0,0.0,0.0,35.471714,73.20187845,0,1
karim rekik,Centre-Back,24.0,20/21,hertha bsc,sevilla fc,8500000.0,2000000.0,0.0,0.0,35.25669633,29.1709005,1,1
alessandro florenzi,Full-Back,30.0,22/23,roma,ac milan,5500000.0,3150000.0,0.0,0.0,35.07325198,39.67264439,0,1
joao cancelo,Full-Back,24.0,19/20,juventus,man city,55000000.0,65000000.0,0.0,0.0,34.75840103,51.61068849,0,1
denys bain,Centre-Back,29.0,22/23,brest,aj auxerre,1000000.0,0.0,0.0,0.0,34.7206977,0.697553072,-1,0
kenny tete,Full-Back,23.0,20/21,lyon,fulham,5500000.0,3200000.0,0.0,0.0,34.70805491,31.45854503,-3,1
loic bade,Centre-Back,22.0,23/24,rennes jugend,sevilla fc,12000000.0,12000000.0,0.0,0.0,34.63658331,39.98297311,0,1
lewis hall,Full-Back,18.0,24/25,chelsea,newcastle,18000000.0,33000000.0,0.0,0.0,34.63025355,27.67967484,-2,1
malo gusto,Full-Back,18.0,22/23,lyon,chelsea,15000000.0,30000000.0,0.0,0.0,34.55816494,56.38920166,0,1
adam masina,Centre-Back,29.0,24/25,udinese,torino,1500000.0,1000000.0,0.2841,0.417776236,34.41785621,34.07848845,0,0
marius wolf,Full-Back,28.0,24/25,dortmund,augsburg,3000000.0,0.0,0.3612,0.255180702,34.33509671,37.52505973,-2,1
willy boly,Centre-Back,30.0,22/23,wolves,nott'm forest,6000000.0,2600000.0,0.0,0.0,34.22997557,19.67978469,-1,1
achraf hakimi,Full-Back,20.0,20/21,real madrid,inter,54000000.0,43000000.0,0.0568,0.152492982,34.17982411,70.94718919,0,1
nathan ferguson,Centre-Back,18.0,20/21,west brom,crystal palace,4000000.0,0.0,0.0,0.0,33.98106468,43.89091808,1,0
kamil glik,Centre-Back,31.0,20/21,monaco,benevento,3500000.0,3000000.0,0.0,0.0,33.94037646,50.52591108,-3,0
chris smalling,Centre-Back,29.0,20/21,man utd,roma,20000000.0,15000000.0,0.0,0.0,33.91903896,65.36401835,0,1
julien le cardinal,Centre-Back,25.0,24/25,lens,brest,1500000.0,1700000.0,0.0,0.0,33.595227,19.60563535,1,0
tanguy nianzou,Centre-Back,17.0,20/21,paris sg,bayern munich,11000000.0,0.0,0.735423333,0.0,33.58676507,43.49820119,0,0
christopher wooh,Centre-Back,19.0,22/23,lens,rennes jugend,3000000.0,9000000.0,0.0,0.0,33.41230499,26.45483756,3,1
raphael guerreiro,Full-Back,28.0,23/24,dortmund,bayern munich,20000000.0,0.0,0.0,0.0,33.32909946,58.12759179,0,1
ruben aguilar,Full-Back,29.0,23/24,monaco,lens,7000000.0,3500000.0,0.0,0.0,33.12354074,35.14129569,-3,0
saul coco,Centre-Back,24.0,24/25,ud las palmas,torino,8000000.0,8230000.0,0.0,0.0,33.01890734,61.82132755,2,1
rogerio,Full-Back,24.0,23/24,sassuolo,wolfsburg,5500000.0,5500000.0,0.0568,0.0,32.98443392,78.18361574,0,1
maya yoshida,Centre-Back,32.0,22/23,sampdoria,fc schalke 04,1500000.0,0.0,0.0,0.0,32.85964574,50.91313542,0,0
jean-charles castelletto,Centre-Back,24.0,20/21,brest,nantes,2400000.0,0.0,0.0,0.0,32.80817944,46.26369703,1,0
lorenzo tonelli,Centre-Back,29.0,20/21,napoli,sampdoria,2400000.0,2000000.0,0.3198,0.456201704,32.80041688,15.88992942,-2,0
ben chilwell,Full-Back,22.0,20/21,leicester,chelsea,40000000.0,50200000.0,0.0,0.0,32.76276319,59.30848873,2,1
dominik kohr,Centre-Back,25.0,19/20,leverkusen,frankfurt,4000000.0,8500000.0,0.735423333,0.0,32.65615699,47.76181165,-2,1
mergim vojvoda,Full-Back,28.0,24/25,torino,como,3000000.0,2000000.0,0.0,0.0,32.64631184,47.3924148,-2,0
mateu morey,Full-Back,23.0,24/25,dortmund,rcd mallorca,800000.0,0.0,0.0,0.0,32.5611603,0.944717546,-3,0
moussa niakhate,Centre-Back,26.0,22/23,mainz,nott'm forest,18000000.0,13800000.0,0.0,0.0,32.45427807,65.36401835,-2,1
ferland mendy,Full-Back,23.0,19/20,lyon,real madrid,30000000.0,48000000.0,0.0,0.0,32.45348824,64.89165957,0,1
aleksandar kolarov,Full-Back,33.0,20/21,roma,inter,5000000.0,1500000.0,0.0,0.0,32.40998733,69.99148656,0,1
julian jeanvier,Centre-Back,29.0,22/23,brentford,aj auxerre,900000.0,0.0,2.006427778,2.811703619,32.39851228,42.24750318,0,0
ashley young,Full-Back,33.0,19/20,man utd,inter,4000000.0,1700000.0,0.0,0.0,32.33222096,65.36401835,0,1
oscar duarte,Centre-Back,29.0,19/20,espanyol,levante,1000000.0,0.0,0.0,0.0,32.32537074,17.68324499,-1,0
jonathan clauss,Full-Back,30.0,24/25,marseille,nice,12000000.0,5000000.0,0.0,0.0,32.1214738,55.29343916,-2,0
takehiro tomiyasu,Centre-Back,21.0,21/22,bologna,arsenal,20000000.0,18600000.0,0.0,0.0,31.94975102,68.56342515,2,1
omar richards,Full-Back,23.0,22/23,bayern munich,nott'm forest,7000000.0,8500000.0,0.0,0.0,31.93002853,16.04097438,-4,1
gary cahill,Centre-Back,33.0,19/20,chelsea,crystal palace,8000000.0,0.0,0.735423333,0.0,31.79157586,45.35627097,-2,1
diego carlos,Centre-Back,25.0,19/20,nantes,sevilla fc,13000000.0,15000000.0,0.0,0.0,31.76997402,78.99925851,1,1
jawad el yamiq,Centre-Back,27.0,20/21,genoa,real valladolid,800000.0,250000.0,0.0,0.0,31.71625798,53.29103242,-1,1
caleb okoli,Centre-Back,22.0,24/25,atalanta,leicester,8000000.0,14000000.0,0.0,0.0,31.68122662,74.73704446,-1,1
david raum,Full-Back,23.0,22/23,hoffenheim,leipzig,20000000.0,26000000.0,0.0,0.0,31.66181435,70.22766594,2,1
radu dragusin,Centre-Back,20.0,23/24,juventus,genoa,8000000.0,9700000.0,0.4028,0.0,31.6584852,85.5271469,-3,0
jules kounde,Full-Back,19.0,19/20,g. bordeaux,sevilla fc,15000000.0,35000000.0,0.0,0.0,31.28774338,83.74481641,1,1
kieran trippier,Full-Back,29.0,21/22,atlético,newcastle,18000000.0,14000000.0,0.0,0.0,31.21855062,61.79935737,-2,1
federico fazio,Centre-Back,34.0,21/22,roma,salernitana,500000.0,0.0,0.735423333,0.0,31.0947039,39.81239911,-4,0
merih demiral,Centre-Back,20.0,19/20,sassuolo,juventus,15000000.0,19500000.0,0.0,0.0,30.78526523,29.1709005,2,1
marc cucurella,Full-Back,23.0,22/23,brighton,chelsea,28000000.0,65300000.0,0.0,0.0,30.76586103,79.71878175,2,1
vincent laurini,Full-Back,29.0,19/20,fiorentina,parma,1500000.0,440000.0,0.4448,0.088586404,30.71304922,25.87537418,-1,0
tommaso augello,Full-Back,24.0,20/21,spezia,sampdoria,1200000.0,1500000.0,0.0,0.0,30.68568732,31.09329086,2,0
juan foyth,Centre-Back,22.0,21/22,tottenham,villarreal,12000000.0,15000000.0,0.142,0.744068559,30.42995921,30.37376761,0,1
cenk ozkacar,Centre-Back,21.0,23/24,lyon,valencia,5000000.0,5000000.0,0.1932,0.0,30.24453225,34.16362288,-2,1
thomas meunier,Full-Back,27.0,20/21,paris sg,dortmund,24000000.0,0.0,0.0,0.0,30.20236689,31.31848516,0,1
jorge cuenca,Centre-Back,23.0,24/25,villarreal,fulham,6000000.0,6700000.0,0.3157,0.0,30.16791994,56.26012688,-2,0
carl jenkinson,Full-Back,30.0,22/23,nott'm forest,newcastle,500000.0,0.0,0.0,0.0,30.04235053,42.24750318,2,0
sergi cardona,Full-Back,24.0,24/25,ud las palmas,villarreal,6000000.0,0.0,0.0,0.0,30.0287765,74.62993986,3,0
pascal stenzel,Full-Back,23.0,20/21,freiburg,stuttgart,2400000.0,1300000.0,0.0,0.0,29.87182565,46.11383581,0,0
jonathan clauss,Full-Back,26.0,20/21,arm. bielefeld,lens,1200000.0,0.0,0.0,0.0,29.87182565,46.11383581,0,1
juan miranda,Full-Back,23.0,24/25,real betis,bologna,9000000.0,0.0,0.0,0.0,29.87051588,50.07552248,0,0
patric pfeiffer,Centre-Back,23.0,23/24,darmstadt 98,augsburg,3000000.0,0.0,0.0,0.0,29.72246811,43.12757218,2,0
tim siersleben,Centre-Back,23.0,23/24,wolfsburg,heidenheim,1500000.0,500000.0,0.0,0.0,29.72246811,43.12757218,-2,0
stanley nsoki,Centre-Back,20.0,19/20,paris sg,nice,8500000.0,12500000.0,0.735423333,0.0,29.59547595,19.46557548,-2,1
enzo ebosse,Centre-Back,22.0,22/23,angers,udinese,2000000.0,4000000.0,0.0,0.0,29.50542005,52.93164529,1,0
lorenzo venuti,Full-Back,27.0,23/24,fiorentina,lecce,2000000.0,0.0,0.3295,0.297244912,29.50023175,28.37722791,-2,0
souleyman doumbia,Full-Back,23.0,20/21,rennes jugend,angers,1600000.0,3000000.0,0.0,0.0,29.48511572,53.2221658,-2,0
phil jagielka,Centre-Back,35.0,19/20,everton,sheffield utd,1000000.0,0.0,0.0,0.0,29.47843526,8.664487958,-2,0
marash kumbulla,Centre-Back,20.0,21/22,hellas verona,roma,25000000.0,26500000.0,0.0568,0.381794737,29.43484762,38.81306127,3,0
luca itter,Centre-Back,20.0,19/20,wolfsburg,freiburg,2000000.0,2500000.0,0.0,0.0,29.40719476,40.34736417,0,0
marco friedl,Centre-Back,21.0,19/20,bayern munich,werder bremen,2500000.0,3500000.0,0.735423333,0.0,29.40719476,40.34736417,-2,0
quentin merlin,Full-Back,20.0,23/24,nantes,marseille,10000000.0,10000000.0,0.0,0.0,29.40159999,48.05701261,2,1
ricardo rodriguez,Full-Back,27.0,20/21,ac milan,torino,3500000.0,1950000.0,0.0,0.0,29.40099687,53.29103242,-2,1
alvaro gonzalez,Centre-Back,29.0,20/21,villarreal,marseille,6500000.0,4000000.0,0.3555,0.153536842,29.39040922,41.16387005,1,0
gabriel paulista,Centre-Back,31.0,23/24,valencia,atlético,2500000.0,0.0,0.0,0.0,29.34309939,40.70249636,2,0
florian lejeune,Centre-Back,29.0,21/22,newcastle,alavés,4500000.0,4910000.0,0.0,0.0,29.31262018,76.03603109,-1,0
konstantinos stafylidis,Full-Back,24.0,19/20,augsburg,hoffenheim,3000000.0,0.0,0.0,0.0,29.2480653,22.29972812,0,0
abdukodir khusanov,Centre-Back,19.0,24/25,lens,man city,12000000.0,40000000.0,0.0,0.0,29.22207132,19.69076978,4,1
samir caetano,Centre-Back,26.0,21/22,udinese,watford,5000000.0,5000000.0,0.0,0.0,29.08218991,60.75852031,-2,1
matteo lovato,Centre-Back,21.0,22/23,atalanta,salernitana,7000000.0,7000000.0,0.2557,0.438554268,29.02654083,42.36673715,-3,1
molla wague,Centre-Back,27.0,19/20,udinese,nantes,1000000.0,1200000.0,0.0,0.0,28.89010676,44.32847206,0,0
sergio reguilon,Full-Back,22.0,20/21,real madrid,tottenham,25000000.0,30000000.0,0.142,0.187108258,28.79169534,65.84736221,-1,0
mattia bani,Centre-Back,25.0,20/21,bologna,genoa,3200000.0,5000000.0,0.0,0.0,28.65516968,57.06478455,-1,0
maxim leitsch,Centre-Back,23.0,22/23,vfl bochum,mainz,5000000.0,3500000.0,0.0,0.0,28.55753935,38.79109109,2,1
jetro willems,Centre-Back,26.0,21/22,frankfurt,greuther fürth,2500000.0,0.0,0.0,0.0,28.27485803,38.46776592,-2,0
felix uduokhai,Centre-Back,21.0,20/21,wolfsburg,augsburg,6800000.0,7000000.0,0.0,0.0,27.93087293,40.01757614,0,1
christopher lenz,Full-Back,27.0,23/24,frankfurt,leipzig,2500000.0,1000000.0,0.0,0.0,27.92671307,41.44398978,2,0
marc guehi,Centre-Back,20.0,21/22,chelsea,crystal palace,10000000.0,23340000.0,0.414,0.186363158,27.82913676,90.15461511,-2,1
nacho monreal,Full-Back,32.0,19/20,arsenal,real sociedad,8000000.0,250000.0,0.0,0.0,27.7604222,46.61796611,-2,0
kortney hause,Centre-Back,23.0,19/20,wolves,aston villa,1000000.0,3400000.0,0.0,0.0,27.67441123,52.4648706,1,0
lloyd kelly,Centre-Back,24.0,24/25,bournemouth,newcastle,18000000.0,0.0,0.0,0.0,27.63129975,43.79479856,1,0
cristian romero,Centre-Back,22.0,21/22,juventus,atalanta,35000000.0,17000000.0,0.2403,0.144184211,27.58844137,66.31972098,-1,1
raphael varane,Centre-Back,30.0,24/25,man utd,como,20000000.0,0.0,0.0,0.0,27.54484969,40.24112268,-4,0
martin hinteregger,Centre-Back,25.0,19/20,augsburg,frankfurt,16000000.0,9000000.0,0.0,0.0,27.52626838,69.75530717,0,1
konrad laimer,Full-Back,26.0,23/24,leipzig,bayern munich,28000000.0,0.0,0.0,0.0,27.48972985,43.12757218,0,1
ko itakura,Centre-Back,24.0,22/23,man city,mönchengladbach,5000000.0,5000000.0,1.830573333,0.0,27.4094199,43.78723636,-2,1
mateusz wieteska,Centre-Back,25.0,23/24,clermont foot,cagliari,3000000.0,5300000.0,0.0,0.0,27.39009207,78.52689973,1,0
cesar azpilicueta,Centre-Back,32.0,23/24,chelsea,atlético,5000000.0,0.0,0.0,0.0,27.31539458,45.82429352,0,0
giulian biancone,Centre-Back,20.0,21/22,monaco,troyes,1300000.0,2500000.0,0.0,0.0,27.30482181,33.8585933,-3,0
koray gunter,Centre-Back,24.0,20/21,genoa,hellas verona,4500000.0,2400000.0,0.3011,0.130863158,27.27945905,69.99148656,0,0
chadi riad,Centre-Back,20.0,24/25,real betis,crystal palace,15000000.0,15000000.0,0.0,0.0,27.26868133,55.28245407,0,1
juan bernat,Full-Back,30.0,24/25,paris sg,villarreal,2500000.0,0.0,0.0,0.0,27.11540016,38.8789718,-1,0
yerry mina,Centre-Back,27.0,23/24,fiorentina,cagliari,5000000.0,500000.0,0.0,0.0,27.08670397,12.08908906,-1,0
jaume costa,Full-Back,32.0,21/22,villarreal,rcd mallorca,2000000.0,0.0,0.0,0.0,26.9836576,17.24384149,-2,0
fin stevens,Full-Back,21.0,24/25,brentford,st. pauli,450000.0,600000.0,0.0,0.0,26.86128674,34.32033568,0,0
nelson semedo,Full-Back,25.0,20/21,barcelona,wolves,40000000.0,32000000.0,0.0,0.0,26.77824478,61.60711834,-3,1
malang sarr,Centre-Back,24.0,24/25,chelsea,lens,4000000.0,0.0,1.830573333,0.0,26.72307921,48.85651174,-4,0
elseid hysaj,Full-Back,26.0,21/22,napoli,lazio,13000000.0,0.0,0.0,0.0,26.71406936,47.70274353,-1,0
niklas stark,Centre-Back,26.0,22/23,hertha bsc,werder bremen,6500000.0,0.0,0.0,0.0,26.62283731,53.62919836,0,0
ramy bensebaini,Centre-Back,27.0,23/24,mönchengladbach,dortmund,20000000.0,0.0,0.0,0.0,26.55117359,61.91744707,2,1
tymoteusz puchacz,Full-Back,24.0,24/25,union berlin,holstein kiel,2000000.0,2000000.0,0.0,0.0,26.45730569,38.74514008,0,0
willy kambwala,Centre-Back,18.0,24/25,man utd,villarreal,5000000.0,10000000.0,0.0,0.0,26.3246996,9.856369978,-1,1
nathaniel clyne,Full-Back,29.0,20/21,liverpool,crystal palace,8000000.0,0.0,0.0,0.0,26.2389251,56.43822553,-2,0
angelino,Full-Back,26.0,24/25,leipzig,roma,8000000.0,5400000.0,0.0,0.0,26.18135469,30.01949853,0,1
maya yoshida,Centre-Back,30.0,20/21,southampton,sampdoria,3800000.0,0.0,0.3068,0.101164912,25.99835838,45.0828001,1,1
william saliba,Centre-Back,17.0,19/20,saint-étienne,arsenal,12000000.0,30000000.0,0.0,0.0,25.89861661,31.79084393,2,1
panagiotis retsos,Centre-Back,21.0,21/22,leverkusen,hellas verona,3500000.0,0.0,0.735423333,0.0,25.88078486,29.65019985,-3,0
kevin danso,Centre-Back,21.0,21/22,augsburg,lens,5000000.0,8000000.0,0.0,0.0,25.88078486,29.65019985,-2,1
romain perraud,Full-Back,20.0,19/20,nice,brest,1500000.0,2000000.0,0.0,0.0,25.8348321,33.59182016,-1,0
ronael pierre-gabriel,Full-Back,20.0,19/20,monaco,mainz,4000000.0,5500000.0,0.0,0.0,25.8348321,33.59182016,-1,0
arthur zagre,Full-Back,17.0,19/20,paris sg,monaco,2000000.0,10000000.0,0.0,0.0,25.8348321,33.59182016,-1,0
ricardo rodriguez,Full-Back,30.0,24/25,torino,real betis,3500000.0,0.0,0.0,0.0,25.69942515,74.03949139,0,0
danny rose,Full-Back,30.0,21/22,tottenham,watford,3000000.0,0.0,0.0,0.0,25.67401514,47.88413036,-3,1
sam byram,Full-Back,25.0,19/20,west ham,norwich,3500000.0,830000.0,0.0,0.0,25.52107535,52.4648706,-2,0
alberto moreno,Full-Back,26.0,19/20,liverpool,villarreal,9000000.0,0.0,0.0,0.0,25.52107535,52.4648706,-1,1
andrea conti,Full-Back,26.0,21/22,ac milan,sampdoria,2500000.0,0.0,0.0,0.0,25.50938103,23.62068492,-2,0
marcos alonso,Centre-Back,30.0,22/23,chelsea,barcelona,12000000.0,0.0,0.0,0.0,25.48678786,57.7843078,0,1
leonardo spinazzola,Full-Back,30.0,24/25,roma,napoli,4000000.0,0.0,0.0,0.0,25.42202659,41.79825886,0,1
romain perraud,Full-Back,22.0,21/22,brest,southampton,8000000.0,12000000.0,0.0,0.0,25.35346305,80.07305083,0,1
carlos augusto,Full-Back,24.0,24/25,monza,inter,22000000.0,13250000.0,0.1023,0.204246617,25.33291535,62.72485101,4,1
mikayil faye,Centre-Back,20.0,24/25,barcelona,rennes jugend,10000000.0,10300000.0,0.735423333,0.0,25.298582,36.42105841,-1,1
juma bah,Centre-Back,18.0,24/25,real valladolid,man city,1000000.0,6000000.0,0.0,0.0,25.298582,36.42105841,4,0
ben white,Full-Back,22.0,21/22,brighton,arsenal,28000000.0,58500000.0,0.0,0.0,25.29088145,80.78158899,2,1
alidu seidu,Centre-Back,22.0,23/24,clermont foot,rennes jugend,7000000.0,11000000.0,0.0,0.0,25.28221024,61.56317799,3,1
matheus nunes,Full-Back,24.0,23/24,wolves,man city,45000000.0,62000000.0,0.0,0.0,25.28119484,43.93969187,3,0
valentino lazaro,Full-Back,26.0,23/24,inter,torino,5000000.0,3400000.0,0.5143,0.837327247,25.26349468,41.4330047,-2,0
mamadou sakho,Centre-Back,31.0,21/22,crystal palace,montpellier,6000000.0,0.0,0.0,0.0,25.22688979,36.73664088,0,0
kevin mbabu,Full-Back,26.0,22/23,wolfsburg,fulham,9000000.0,5500000.0,0.0,0.0,25.20990105,42.8610661,-1,0
juan jesus,Centre-Back,30.0,21/22,roma,napoli,2000000.0,0.0,0.735423333,0.0,25.14286681,43.12131028,0,1
calum chambers,Centre-Back,26.0,21/22,arsenal,aston villa,12000000.0,0.0,0.735423333,0.0,25.14045835,40.5123407,-2,1
filip benkovic,Centre-Back,23.0,21/22,leicester,udinese,2000000.0,0.0,0.0,0.0,25.14045835,40.5123407,0,0
erik palmer-brown,Centre-Back,24.0,21/22,man city,troyes,1500000.0,0.0,0.735423333,0.0,25.14045835,40.5123407,-4,0
luca rossettini,Centre-Back,33.0,19/20,genoa,lecce,500000.0,500000.0,0.4903,0.055347368,25.10273922,44.95372532,-1,0
marin pongracic,Centre-Back,24.0,23/24,wolfsburg,lecce,4000000.0,1600000.0,0.0,0.0,25.04360373,17.07082635,-2,0
hassane kamara,Full-Back,26.0,21/22,nice,watford,6000000.0,4000000.0,0.0,0.0,25.00599183,77.71125697,-2,1
bremer,Centre-Back,25.0,22/23,torino,juventus,35000000.0,46900000.0,0.0,0.0,25.00518897,73.19089336,2,1
bastien meupiyou,Centre-Back,18.0,24/25,nantes,wolves,800000.0,5000000.0,0.0,0.0,24.97048743,26.79833836,-1,0
martin montoya,Full-Back,28.0,20/21,brighton,real betis,6500000.0,0.0,0.0,0.0,24.92989461,53.04973498,0,0
javi galan,Full-Back,27.0,23/24,celta vigo,atlético,12000000.0,5000000.0,0.0,0.0,24.85610607,81.50111224,2,1
youssouf sabaly,Full-Back,27.0,21/22,g. bordeaux,real betis,6500000.0,0.0,0.0,0.0,24.85402406,73.42707275,0,1
koni de winter,Centre-Back,21.0,24/25,juventus,genoa,12000000.0,11000000.0,0.2557,0.373206894,24.81515388,61.69225277,-3,0
zeki celik,Full-Back,24.0,22/23,lille,roma,18000000.0,7400000.0,0.0,0.0,24.66163568,69.51912778,1,1
ryan sessegnon,Full-Back,24.0,24/25,tottenham,fulham,10000000.0,0.0,0.0,0.0,24.5994031,48.85651174,-2,0
sergio gomez,Full-Back,23.0,24/25,man city,real sociedad,10000000.0,8700000.0,0.0,0.0,24.5994031,48.85651174,-2,0
ruben aguilar,Full-Back,25.0,19/20,montpellier,monaco,8000000.0,8000000.0,0.0,0.0,24.52318447,63.69977755,1,1
emerson,Full-Back,22.0,22/23,chelsea,west ham,14000000.0,15400000.0,0.3214,0.072947368,24.36050403,35.91884501,-2,1
dominik kohr,Centre-Back,28.0,22/23,frankfurt,mainz,5000000.0,1500000.0,0.0,0.0,24.35151854,45.55489732,0,1
moussa niakhate,Centre-Back,28.0,24/25,nott'm forest,lyon,16000000.0,31900000.0,0.0,0.0,24.27032613,40.11204789,4,1
clement vidal,Centre-Back,21.0,22/23,montpellier,ajaccio,1500000.0,0.0,0.0,0.0,24.17572766,31.44909357,-2,0
alex ferrari,Centre-Back,23.0,19/20,bologna,sampdoria,1500000.0,3600000.0,0.0,0.0,24.11380688,44.30950308,0,0
amir rrahmani,Centre-Back,25.0,19/20,hellas verona,napoli,6000000.0,15300000.0,0.0,0.0,24.11380688,44.30950308,3,1
caio henrique,Full-Back,22.0,20/21,atlético,monaco,1200000.0,8000000.0,0.0,0.0,24.05889634,42.33862056,-1,0
david raum,Full-Back,22.0,21/22,greuther fürth,hoffenheim,5000000.0,0.0,0.0,0.0,23.80302449,29.65019985,2,1
craig dawson,Centre-Back,31.0,22/23,west ham,wolves,2500000.0,3750000.0,0.4205,0.0,23.77106701,72.61142998,-1,0
eliaquim mangala,Centre-Back,28.0,19/20,man city,valencia,10000000.0,0.0,0.735423333,0.0,23.71126727,48.33652816,-2,0
malick thiaw,Centre-Back,20.0,22/23,fc schalke 04,ac milan,6000000.0,12800000.0,0.0,0.0,23.68622546,30.19918318,2,1
sergi gomez,Centre-Back,29.0,21/22,sevilla fc,espanyol,3000000.0,1000000.0,0.0,0.0,23.55191641,42.16716106,-1,0
alessandro tripaldelli,Full-Back,20.0,20/21,sassuolo,cagliari,450000.0,3000000.0,0.0,0.0,23.54387912,43.96912144,-1,0
bram nuytinck,Centre-Back,31.0,22/23,udinese,sampdoria,2000000.0,0.0,0.0,0.0,23.42980426,54.82108038,0,0
eric garcia,Centre-Back,20.0,21/22,man city,barcelona,20000000.0,0.0,0.735423333,0.0,23.42446118,32.82423715,0,0
sergio escudero,Full-Back,31.0,21/22,sevilla fc,granada,2500000.0,0.0,0.0,0.0,23.11922826,40.53042281,-2,0
riccardo marchizza,Full-Back,24.0,23/24,sassuolo,frosinone,1000000.0,1300000.0,0.4367,0.300929825,23.117624,11.53159586,-2,0
ashley young,Full-Back,37.0,23/24,aston villa,everton,600000.0,0.0,0.0,0.0,23.10893438,57.20484442,0,1
jean-kevin duverne,Centre-Back,26.0,23/24,brest,nantes,4000000.0,0.0,0.0,0.0,23.07523491,69.42300827,1,0
mert cetin,Centre-Back,23.0,21/22,roma,hellas verona,2800000.0,7800000.0,1.830573333,0.0,22.99839965,44.92807868,-3,0
pervis estupinan,Full-Back,23.0,22/23,villarreal,brighton,20000000.0,17800000.0,0.0,0.0,22.97321962,49.99038805,-1,1
angelino,Full-Back,23.0,21/22,man city,leipzig,35000000.0,18000000.0,0.0,0.0,22.95550054,55.28245407,0,1
konstantinos manolas,Centre-Back,28.0,19/20,roma,napoli,45000000.0,36000000.0,0.735423333,0.0,22.87133969,58.59995057,0,1
sepp van den berg,Centre-Back,21.0,24/25,liverpool,brentford,12000000.0,23600000.0,0.4343,0.246316464,22.75100863,72.4823552,-4,1
wesley fofana,Centre-Back,18.0,20/21,saint-étienne,leicester,10000000.0,35000000.0,0.0,0.0,22.72386528,28.58045204,0,1
bruno gonzalez,Centre-Back,29.0,20/21,levante,real valladolid,1200000.0,0.0,0.0,0.0,22.64543355,13.87141955,-1,0
jeison murillo,Centre-Back,26.0,19/20,valencia,sampdoria,8000000.0,13300000.0,0.0,0.0,22.63023913,51.83210667,0,0
marco sala,Full-Back,20.0,19/20,inter,sassuolo,300000.0,3000000.0,0.0,0.0,22.42591286,41.11102287,-2,0
issiaga sylla,Full-Back,27.0,22/23,toulouse,montpellier,2000000.0,0.0,0.0,0.0,22.39306913,45.1704399,1,0
ola aina,Full-Back,25.0,23/24,torino,nott'm forest,3500000.0,0.0,0.0,0.0,22.331893,30.05245379,-2,1
massadio haidara,Full-Back,30.0,24/25,lens,brest,2000000.0,0.0,0.0,0.0,22.25603107,27.08922638,1,0
felipe,Centre-Back,32.0,22/23,atlético,nott'm forest,3000000.0,2300000.0,0.0,0.0,22.22509644,46.66190646,-4,1
andoni gorosabel,Full-Back,25.0,23/24,real sociedad,alavés,9000000.0,1500000.0,0.0,0.0,22.20355163,50.56985143,-1,1
alberto almici,Full-Back,25.0,19/20,atalanta,hellas verona,500000.0,500000.0,2.461111111,8.281077578,22.11919787,44.30950308,-2,0
sead kolasinac,Centre-Back,29.0,23/24,marseille,atalanta,8000000.0,0.0,0.0,0.0,22.1095929,64.33416637,-1,1
nordi mukiele,Full-Back,23.0,22/23,leipzig,paris sg,20000000.0,12000000.0,0.0,0.0,21.92625917,53.53307885,0,1
christian mawissa,Centre-Back,18.0,24/25,toulouse,monaco,9000000.0,16000000.0,0.0,0.0,21.9066926,30.85711147,2,1
rafa marin,Centre-Back,21.0,24/25,real madrid,napoli,7500000.0,12000000.0,0.3584,0.109942105,21.80437751,67.2864087,0,0
matteo darmian,Full-Back,29.0,19/20,man utd,parma,10000000.0,2480000.0,0.0,0.0,21.7314932,48.33652816,-3,0
woyo coulibaly,Full-Back,24.0,24/25,parma,leicester,2000000.0,3000000.0,0.0,0.0,21.69097871,51.62167358,1,0
fode ballo-toure,Full-Back,23.0,21/22,monaco,ac milan,6500000.0,5400000.0,0.0,0.0,21.60998484,33.29580095,1,0
ilario monterisi,Centre-Back,20.0,23/24,lecce,frosinone,300000.0,500000.0,0.0,0.0,21.56059117,30.34825225,0,0
kyle walker-peters,Full-Back,22.0,20/21,tottenham,southampton,8000000.0,13300000.0,0.267,0.232736842,21.40576112,23.84587922,-2,1
julian araujo,Full-Back,21.0,24/25,barcelona,bournemouth,8000000.0,10000000.0,0.0,0.0,21.35186194,44.87957598,-3,1
alberto dossena,Centre-Back,24.0,24/25,cagliari,como,5000000.0,8500000.0,0.0,0.0,21.32578653,76.75555433,-1,1
giulian biancone,Centre-Back,21.0,22/23,troyes,nott'm forest,4000000.0,10000000.0,0.0,0.0,21.28956636,65.39697361,0,1
hugo novoa,Full-Back,21.0,24/25,leipzig,alavés,2500000.0,1500000.0,0.0,0.0,21.24254226,29.79168002,-3,0
tom rothe,Full-Back,18.0,24/25,dortmund,union berlin,8000000.0,5000000.0,0.0,0.0,21.24254226,29.79168002,-4,0
eric da silva moreira,Full-Back,18.0,24/25,st. pauli,nott'm forest,1000000.0,1500000.0,0.0,0.0,21.24254226,29.79168002,0,0
jonathan clauss,Full-Back,28.0,22/23,lens,marseille,15000000.0,7500000.0,0.0,0.0,21.16942747,79.96594623,4,0
giorgio altare,Centre-Back,21.0,21/22,genoa,cagliari,175000.0,1000000.0,0.0,0.0,21.15614019,32.57314599,0,0
petko hristov,Centre-Back,21.0,21/22,fiorentina,spezia,450000.0,0.0,0.0,0.0,21.15614019,32.57314599,-2,0
federico ceccherini,Centre-Back,28.0,21/22,fiorentina,hellas verona,3500000.0,3000000.0,0.3352,0.119888421,21.04755871,55.65869332,-1,0
enric franquesa,Full-Back,23.0,21/22,villarreal,levante,800000.0,375000.0,0.0,0.0,20.97791438,41.02921118,-2,0
junior firpo,Full-Back,23.0,21/22,barcelona,leeds united,8000000.0,15000000.0,0.0,0.0,20.97791438,41.02921118,-4,1
miguel llambrich,Full-Back,24.0,21/22,villarreal,espanyol,1600000.0,500000.0,0.0,0.0,20.97791438,41.02921118,-1,0
akim zedadka,Full-Back,26.0,22/23,clermont foot,lille,4000000.0,0.0,0.0,0.0,20.82013731,85.05478813,3,0
issa diop,Centre-Back,24.0,22/23,west ham,fulham,10000000.0,17800000.0,0.0,0.0,20.75097185,24.08205861,-1,1
marcos llorente,Full-Back,24.0,19/20,real madrid,atlético,20000000.0,30000000.0,0.0,0.0,20.70452945,51.83210667,0,1
salva ruiz,Full-Back,24.0,19/20,rcd mallorca,valencia,400000.0,0.0,0.0,0.0,20.70452945,51.83210667,1,0
leonardo spinazzola,Full-Back,25.0,19/20,juventus,roma,15000000.0,29500000.0,0.4144,0.455492049,20.65774538,15.78282482,0,1
lorenzo pirola,Centre-Back,20.0,23/24,inter,salernitana,8000000.0,5000000.0,0.414,0.306586323,20.65277181,52.44830143,-4,1
marc cucurella,Full-Back,21.0,21/22,getafe,brighton,20000000.0,18000000.0,0.0,0.0,20.63441894,25.65035152,0,1
fran garcia,Full-Back,23.0,23/24,rayo vallecano,real madrid,12000000.0,5000000.0,0.0,0.0,20.62024607,85.99950567,3,1
diego rico,Full-Back,30.0,24/25,real sociedad,getafe,1500000.0,1500000.0,0.2955,0.165861322,20.56598644,67.39351331,0,0
keven schlotterbeck,Centre-Back,26.0,24/25,freiburg,augsburg,6000000.0,2500000.0,0.5893,0.094959649,20.54148518,56.82860517,0,0
sergi palencia,Full-Back,22.0,19/20,barcelona,saint-étienne,6000000.0,2000000.0,0.3385,0.151926316,20.36690628,51.84686788,-2,0
lucas digne,Full-Back,27.0,21/22,everton,aston villa,30000000.0,30000000.0,0.0,0.0,20.36087722,66.89918436,0,1
nico schulz,Full-Back,25.0,19/20,hoffenheim,dortmund,25000000.0,25500000.0,0.0,0.0,20.33260837,65.00974927,2,0
ryan giles,Full-Back,22.0,23/24,wolves,luton town,9000000.0,5850000.0,0.7338,0.0,20.31572064,99.89289539,-1,1
davide bettella,Centre-Back,22.0,22/23,atalanta,monza,2000000.0,5000000.0,0.0,0.0,20.23277029,30.17128287,-3,0
jakub kiwior,Centre-Back,22.0,22/23,spezia,arsenal,8000000.0,19500000.0,0.0,0.0,20.23277029,30.17128287,4,1
daniele ghilardi,Centre-Back,19.0,22/23,fiorentina,hellas verona,250000.0,2050000.0,0.0,0.0,20.23277029,30.17128287,-1,0
german pezzella,Centre-Back,29.0,21/22,fiorentina,real betis,7500000.0,3250000.0,0.0,0.0,20.19633464,70.10957625,0,1
emerson royal,Full-Back,22.0,21/22,real betis,barcelona,25000000.0,14000000.0,0.0,0.0,20.16008051,75.68176201,2,0
teden mengi,Centre-Back,21.0,23/24,man utd,luton town,2000000.0,0.0,0.735423333,0.0,20.02450302,33.24015909,-4,0
valentino lazaro,Full-Back,22.0,19/20,hertha bsc,inter,17000000.0,22400000.0,0.3653,0.241694823,19.92319079,68.91769423,2,0
scott mckenna,Centre-Back,26.0,24/25,nott'm forest,ud las palmas,9000000.0,0.0,0.0,0.0,19.89650807,7.343531156,0,1
matt targett,Full-Back,25.0,22/23,aston villa,newcastle,17000000.0,17500000.0,0.0,0.0,19.8869176,72.95471398,0,0
enock kwateng,Full-Back,21.0,19/20,nantes,g. bordeaux,4000000.0,0.0,0.0,0.0,19.87827131,58.51481614,0,0
matt doherty,Full-Back,27.0,20/21,wolves,tottenham,16000000.0,16800000.0,0.0,0.0,19.72935878,76.05800126,2,1
joakim maehle,Full-Back,26.0,23/24,atalanta,wolfsburg,14000000.0,12500000.0,0.0,0.0,19.64703208,65.4079587,-1,1
timothy fosu-mensah,Full-Back,22.0,20/21,man utd,leverkusen,4000000.0,1700000.0,0.0,0.0,19.27171749,45.11341595,0,0
simone romagnoli,Centre-Back,32.0,23/24,lecce,frosinone,750000.0,100000.0,0.0,0.0,19.18402192,6.538873479,0,0
robin gosens,Full-Back,27.0,22/23,atalanta,inter,28000000.0,27400000.0,0.125,0.699538947,19.10787145,19.71273996,1,1
ozan kabak,Centre-Back,21.0,22/23,fc schalke 04,hoffenheim,10000000.0,7000000.0,0.0,0.0,19.06593035,21.1078461,0,1
nicolas cozza,Full-Back,22.0,22/23,montpellier,wolfsburg,5000000.0,500000.0,0.0,0.0,18.97462371,72.84760937,0,0
christopher lenz,Full-Back,25.0,21/22,union berlin,frankfurt,5000000.0,0.0,0.0,0.0,18.9665027,57.65523302,2,1
johan mojica,Full-Back,30.0,24/25,villarreal,rcd mallorca,2200000.0,1500000.0,0.0,0.0,18.81518449,58.51481614,-2,0
martin caceres,Centre-Back,33.0,21/22,cagliari,levante,900000.0,0.0,0.0,0.0,18.78817722,59.92090737,0,0
christophe herelle,Centre-Back,29.0,23/24,brest,fc mtz,2000000.0,0.0,0.0,0.0,18.61273951,28.95669129,-1,0
timothy castagne,Full-Back,23.0,20/21,atalanta,leicester,18000000.0,20900000.0,0.0,0.0,18.60940928,51.39647928,-1,1
ben johnson,Full-Back,23.0,24/25,west ham,ipswich town,8000000.0,0.0,0.0,0.0,18.60514626,19.72372504,-2,1
dan burn,Centre-Back,28.0,21/22,brighton,newcastle,3500000.0,15000000.0,0.0,0.0,18.5771824,55.17534946,0,1
abner,Full-Back,23.0,24/25,real betis,lyon,7000000.0,8000000.0,0.0,0.0,18.53780698,41.78727378,2,1
stephan lichtsteiner,Full-Back,34.0,19/20,arsenal,augsburg,1500000.0,0.0,0.0,0.0,18.51768093,24.91967155,-2,0
jeremy toljan,Full-Back,25.0,21/22,dortmund,sassuolo,5000000.0,3500000.0,0.3726,0.214705263,18.43652326,46.54381677,-2,0
leonardo sernicola,Full-Back,24.0,22/23,sassuolo,cremonese,1500000.0,0.0,0.5195,0.0,18.42680435,72.00999643,-2,0
benjamin henrichs,Full-Back,23.0,21/22,monaco,leipzig,12000000.0,15000000.0,0.0,0.0,18.37592341,18.53184302,1,1
cedric hountondji,Centre-Back,27.0,22/23,clermont foot,angers,3000000.0,2000000.0,0.0,0.0,18.32115336,50.0535523,1,0
aaron martin,Full-Back,25.0,23/24,mainz,genoa,7000000.0,0.0,0.0,0.0,18.20868442,53.53307885,-1,0
koffi djidji,Centre-Back,25.0,19/20,nantes,torino,5000000.0,3000000.0,0.2386,0.309366316,17.93429704,36.77258122,0,0
erick cabaco,Centre-Back,23.0,19/20,levante,getafe,2000000.0,8000000.0,0.3766,0.227160574,17.85240676,42.35575207,1,0
matt doherty,Full-Back,29.0,22/23,tottenham,atlético,12000000.0,0.0,0.0,0.0,17.78928297,25.28492571,1,0
diego godin,Centre-Back,32.0,19/20,atlético,inter,20000000.0,0.0,0.0,0.0,17.75882025,64.65548019,0,1
daley sinkgraven,Full-Back,27.0,23/24,leverkusen,ud las palmas,2500000.0,0.0,0.0,0.0,17.73619471,14.74198775,-4,0
juan cabal,Full-Back,23.0,24/25,hellas verona,juventus,3500000.0,12800000.0,0.0,0.0,17.66532487,41.77628869,3,0
edoardo goldaniga,Centre-Back,26.0,21/22,sassuolo,cagliari,1500000.0,1100000.0,0.3795,0.080936842,17.54837867,50.07552248,-1,0
konstantinos stafylidis,Full-Back,27.0,22/23,hoffenheim,vfl bochum,1800000.0,250000.0,0.0,0.0,17.4039268,42.74297641,-2,0
alberto moreno,Full-Back,31.0,24/25,villarreal,como,1800000.0,0.0,0.0,0.0,17.40089411,47.6176091,-3,1
robin gosens,Full-Back,28.0,23/24,inter,union berlin,15000000.0,13000000.0,0.1989,0.498869187,17.04513735,49.68005932,-4,0
alessandro buongiorno,Centre-Back,24.0,24/25,torino,napoli,35000000.0,35000000.0,0.3312,0.170905263,17.00277749,63.69977755,2,1
merih demiral,Centre-Back,23.0,22/23,juventus,atalanta,25000000.0,21000000.0,0.1534,0.315584366,16.93198354,54.47779639,-1,1
rayan ait-nouri,Full-Back,19.0,21/22,angers,wolves,18000000.0,11100000.0,0.233,0.337113046,16.92607881,45.45903935,0,1
nehuen perez,Centre-Back,21.0,22/23,atlético,udinese,6000000.0,8000000.0,0.0,0.0,16.92130255,41.9904979,-2,1
samuel umtiti,Centre-Back,28.0,23/24,barcelona,lille,4000000.0,0.0,0.3977,0.433251781,16.85983835,53.50012358,-1,0
wilfried singo,Full-Back,21.0,23/24,torino,monaco,12000000.0,9100000.0,0.0,0.0,16.61366838,59.70669816,1,1
mohammed salisu,Centre-Back,20.0,20/21,real valladolid,southampton,12000000.0,12000000.0,0.0,0.0,16.56851822,68.68151484,1,0
hans hateboer,Full-Back,29.0,24/25,atalanta,rennes jugend,3500000.0,2700000.0,0.0,0.0,16.37329868,38.00840359,0,0
luca pellegrini,Full-Back,19.0,19/20,roma,juventus,5000000.0,22800000.0,0.233,0.512232281,16.30292834,29.42905006,0,0
armel bella-kotchap,Centre-Back,20.0,22/23,vfl bochum,southampton,10000000.0,12000000.0,0.0,0.0,16.25506849,45.31897949,1,1
theo hernandez,Full-Back,20.0,19/20,real madrid,ac milan,15000000.0,22800000.0,0.0,0.0,16.10400549,50.53689616,0,1
ruben vezo,Centre-Back,24.0,19/20,valencia,levante,6000000.0,5000000.0,0.3255,0.205968421,16.09296863,38.79109109,-1,1
craig dawson,Centre-Back,30.0,21/22,watford,west ham,3000000.0,2300000.0,0.0,0.0,16.07715832,47.44459396,2,0
junior firpo,Full-Back,21.0,19/20,real betis,barcelona,25000000.0,20000000.0,0.0,0.0,16.03259206,49.9464477,2,0
matt doherty,Full-Back,30.0,23/24,atlético,wolves,5000000.0,0.0,0.0,0.0,15.94223445,21.61316014,-3,0
ryan bertrand,Full-Back,30.0,21/22,southampton,leicester,8000000.0,0.0,0.0,0.0,15.8636038,64.6444951,1,1
ola aina,Full-Back,21.0,19/20,chelsea,torino,10000000.0,9800000.0,0.2914,0.209730364,15.66580845,60.04998215,-2,1
matt targett,Full-Back,22.0,19/20,southampton,aston villa,7000000.0,15500000.0,0.2557,0.195217544,15.41504417,30.609947,1,1
matteo lovato,Centre-Back,20.0,21/22,hellas verona,atalanta,7000000.0,7200000.0,0.0,0.0,15.35506809,42.74297641,2,1
guillermo maripan,Centre-Back,24.0,19/20,alavés,monaco,15000000.0,18000000.0,0.0,0.0,15.31354825,49.69928322,2,1
ronael pierre-gabriel,Full-Back,24.0,23/24,mainz,nantes,3500000.0,0.0,0.0,0.0,15.25961951,33.86427924,0,0
achraf hakimi,Full-Back,21.0,21/22,inter,paris sg,60000000.0,68000000.0,0.0,0.0,15.22944788,75.00617911,0,1
juan miranda,Full-Back,20.0,21/22,barcelona,real betis,7000000.0,0.0,0.0,0.0,15.17391195,43.90190317,-2,1
ainsley maitland-niles,Full-Back,24.0,23/24,arsenal,lyon,8000000.0,0.0,0.3101,0.096742105,15.07255394,40.59539176,0,1
nicolo casale,Centre-Back,23.0,22/23,hellas verona,lazio,7500000.0,8000000.0,0.4811,0.053147368,15.05804914,72.75148985,2,1
toni lato,Full-Back,24.0,23/24,valencia,rcd mallorca,2500000.0,0.0,0.0,0.0,15.03534562,36.60231236,-1,0
alex moreno,Full-Back,28.0,22/23,real betis,aston villa,20000000.0,13500000.0,0.0,0.0,14.9647988,63.23840387,0,1
sebastien de maio,Centre-Back,31.0,19/20,bologna,udinese,1000000.0,1500000.0,0.3068,0.0,14.95234629,44.01999286,0,0
javi sanchez,Centre-Back,22.0,20/21,real madrid,real valladolid,1200000.0,3000000.0,0.0,0.0,14.87232429,11.98198446,-4,0
sead kolasinac,Centre-Back,27.0,21/22,arsenal,marseille,3000000.0,0.0,0.0,0.0,14.87008065,37.24493999,0,1
bouna sarr,Full-Back,27.0,20/21,marseille,bayern munich,9000000.0,8000000.0,0.0,0.0,14.55738271,56.47433609,0,1
isak hien,Centre-Back,23.0,23/24,hellas verona,atalanta,9000000.0,8860000.0,0.0,0.0,14.42491297,68.33823085,2,1
lucas hernandez,Full-Back,22.0,19/20,atlético,bayern munich,70000000.0,80000000.0,0.0,0.0,14.22539604,27.28146541,0,1
samuel iling-junior,Full-Back,19.0,24/25,juventus,aston villa,13000000.0,14000000.0,0.0,0.0,13.97426512,35.18523604,-2,1
manu sanchez,Full-Back,21.0,23/24,atlético,celta vigo,10000000.0,0.0,0.0,0.0,13.90784249,60.7695054,-2,1
jerome roussillon,Full-Back,28.0,22/23,wolfsburg,union berlin,3000000.0,3100000.0,0.0,0.0,13.50457016,50.20459726,-2,1
hector bellerin,Full-Back,26.0,22/23,arsenal,barcelona,20000000.0,0.0,0.25,0.0,13.49156588,49.34501414,0,1
cristian ansaldi,Full-Back,31.0,19/20,inter,torino,5000000.0,2500000.0,0.3068,0.538650967,13.4369607,48.29319199,-2,1
cedric soares,Full-Back,27.0,20/21,southampton,arsenal,8000000.0,0.0,0.1721,0.576544737,13.41637321,41.41103452,3,0
arkadiusz reca,Full-Back,26.0,22/23,atalanta,spezia,3000000.0,3900000.0,0.5179,0.420596491,13.33510081,49.01271524,-3,0
valentin gendrey,Full-Back,23.0,24/25,lecce,hoffenheim,7000000.0,8500000.0,0.0,0.0,13.15365007,79.96594623,2,1
romain perraud,Full-Back,25.0,24/25,southampton,real betis,5000000.0,3500000.0,0.0,0.0,13.10451441,23.43943097,1,1
raul carnero,Full-Back,30.0,20/21,getafe,real valladolid,800000.0,200000.0,0.0,0.0,13.03890599,31.43657485,-2,0
giuseppe pezzella,Full-Back,21.0,20/21,udinese,parma,3500000.0,5750000.0,0.3837,0.129208772,13.00868486,36.82750666,-1,1
pol lirola,Full-Back,22.0,21/22,fiorentina,marseille,9000000.0,13000000.0,0.3117,0.034268421,12.8379552,59.82478785,2,1
ridle baku,Full-Back,21.0,20/21,mainz,wolfsburg,7000000.0,10000000.0,0.0,0.0,12.6018984,62.52986571,0,1
ridle baku,Full-Back,25.0,24/25,wolfsburg,leipzig,7000000.0,4500000.0,0.0,0.0,11.9466223,61.73619312,2,1
luca netz,Full-Back,17.0,21/22,hertha bsc,mönchengladbach,5000000.0,2000000.0,0.0,0.0,11.90987362,13.07774696,0,0
giangiacomo magnani,Centre-Back,24.0,21/22,sassuolo,hellas verona,5000000.0,4000000.0,0.4386,0.462340746,11.90801441,45.58811414,-1,0
danny da costa,Centre-Back,28.0,22/23,frankfurt,mainz,2300000.0,0.0,0.0,0.0,11.90731836,18.62796254,0,1
leandro cabrera,Centre-Back,27.0,19/20,getafe,espanyol,10000000.0,9000000.0,0.3864,0.215898246,11.88201242,70.70002472,0,1
aaron wan-bissaka,Full-Back,25.0,24/25,man utd,west ham,20000000.0,17600000.0,0.0,0.0,11.71224506,45.55515887,-2,0
javi lopez,Full-Back,21.0,24/25,alavés,real sociedad,7500000.0,6500000.0,0.0,0.0,11.04252138,65.38598852,1,1
cristian romero,Centre-Back,20.0,19/20,genoa,juventus,15000000.0,31500000.0,0.0,0.0,10.97892553,58.83612995,3,0
junior sambia,Full-Back,24.0,22/23,montpellier,salernitana,4500000.0,0.0,0.0,0.0,10.95898405,51.78370362,-2,0
igor julio,Centre-Back,28.0,23/24,fiorentina,brighton,10000000.0,16500000.0,0.0,0.0,10.89866039,40.92769066,0,1
pol lirola,Full-Back,21.0,20/21,sassuolo,fiorentina,10000000.0,11000000.0,0.1778,0.066521053,10.82362534,72.38623569,0,1
nadir zortea,Full-Back,24.0,24/25,atalanta,cagliari,3000000.0,5100000.0,0.5058,0.223452632,10.69810529,37.0197457,-2,1
jonjoe kenny,Full-Back,24.0,22/23,everton,hertha bsc,4000000.0,0.0,0.3271,0.141088529,10.4852713,27.17436081,0,0
julian ryerson,Full-Back,23.0,22/23,union berlin,dortmund,7500000.0,5000000.0,0.0,0.0,10.12845959,48.10095296,4,1
pasquale mazzocchi,Full-Back,27.0,23/24,salernitana,napoli,4000000.0,3000000.0,0.0,0.0,9.986827181,53.87636284,4,1
andoni gorosabel,Full-Back,26.0,24/25,alavés,bilbao athletic,5000000.0,0.0,0.0,0.0,9.700960636,76.29418065,1,0
mathias olivera,Full-Back,23.0,22/23,getafe,napoli,15000000.0,16500000.0,0.3312,0.243259649,9.627828675,70.81811441,2,1
xabi etxeita,Centre-Back,30.0,19/20,bilbao athletic,getafe,2000000.0,0.0,0.0,0.0,9.561427319,67.97297668,0,0
patrick dorgu,Full-Back,18.0,24/25,lecce,man utd,20000000.0,30000000.0,0.0,0.0,9.334897706,54.63982644,4,1
brian olivan,Full-Back,27.0,22/23,rcd mallorca,espanyol,2500000.0,0.0,0.0,0.0,9.294908926,58.02048719,1,0
ben godfrey,Centre-Back,25.0,24/25,everton,atalanta,10000000.0,12500000.0,0.0,0.0,9.223376595,28.47334743,1,1
aaron wan-bissaka,Full-Back,20.0,19/20,crystal palace,man utd,35000000.0,55000000.0,0.0,0.0,9.17461434,78.76307912,2,0
ashley young,Full-Back,35.0,21/22,inter,aston villa,1000000.0,0.0,0.0,0.0,8.938138447,45.59909922,-2,1
filippo terracciano,Full-Back,19.0,23/24,hellas verona,ac milan,3500000.0,4500000.0,0.0,0.0,8.59421607,30.53579765,3,1
mohamed fares,Full-Back,22.0,19/20,hellas verona,spal,6000000.0,3500000.0,0.0,0.0,8.48076839,76.40128526,-1,0
nahuel molina,Full-Back,23.0,22/23,udinese,atlético,20000000.0,20000000.0,0.0,0.0,8.403769014,72.26814599,2,1
auston trusty,Centre-Back,23.0,23/24,arsenal,sheffield utd,10000000.0,5800000.0,0.4481,0.0,8.213875242,100.0,-4,1
manuel lazzari,Full-Back,24.0,19/20,spal,lazio,18000000.0,15000000.0,0.0,0.0,7.844682451,72.4823552,3,1
anderson lucoqui,Full-Back,23.0,21/22,arm. bielefeld,mainz,1000000.0,0.0,0.0,0.0,7.620304538,42.00148299,2,0
dimitri foulquier,Full-Back,27.0,21/22,granada,valencia,3500000.0,2500000.0,0.3864,0.221042105,6.983543746,69.04676901,1,0
adrian marin,Full-Back,22.0,20/21,alavés,granada,1000000.0,0.0,0.0,0.0,6.327667088,21.47310027,0,0
pablo maffeo,Full-Back,24.0,22/23,stuttgart,rcd mallorca,5000000.0,3000000.0,0.0,0.0,6.294423982,76.28319556,-1,1
lorenzo de silvestri,Full-Back,31.0,20/21,torino,bologna,2500000.0,0.0,0.0,0.0,6.025461401,59.92090737,0,0
aaron hickey,Full-Back,19.0,22/23,bologna,brentford,18000000.0,14250000.0,0.0,0.0,5.705140301,75.82182188,-2,1
bruno gonzalez,Centre-Back,28.0,19/20,getafe,levante,1500000.0,0.0,0.0,0.0,5.538218805,45.68423365,-1,0
josh doig,Full-Back,20.0,23/24,hellas verona,sassuolo,7000000.0,6500000.0,0.0,0.0,5.305943632,39.8868536,1,1
ryan fredericks,Full-Back,28.0,22/23,west ham,bournemouth,1500000.0,0.0,0.0,0.0,4.797683855,8.310218878,-1,0
jordan zemura,Full-Back,22.0,23/24,bournemouth,udinese,6000000.0,0.0,0.0,0.0,4.508774145,37.72828385,1,0
marc cucurella,Full-Back,21.0,20/21,barcelona,getafe,18000000.0,11800000.0,0.3157,0.0,3.75019823,82.56391948,-2,1
marvin zeegelaar,Full-Back,27.0,19/20,watford,udinese,1500000.0,2000000.0,0.2614,0.0,3.542559339,22.77208689,2,0
yan valery,Full-Back,22.0,22/23,southampton,angers,2500000.0,2125000.0,0.3425,0.063824561,2.646177541,6.75308269,0,0
destiny udogie,Full-Back,18.0,22/23,udinese,tottenham,17000000.0,18000000.0,0.0,0.0,0.044457469,70.14253151,1,1
filippo missori,Full-Back,18.0,23/24,roma,sassuolo,800000.0,2500000.0,0.0,0.0,0.0,1.889435092,-2,0
alvaro odriozola,Full-Back,26.0,23/24,real madrid,real sociedad,5000000.0,3000000.0,0.1891,0.24275589,,0.0,-2,1
rachid alioui,Centre-Forward,27.0,19/20,nîmes,angers,4000000.0,0.0,0.0,0.0,18.76866205258676,32.85992759676971,-1,0
jason remeseiro,Right Winger,19.0,19/20,levante,valencia,5000000.0,0.0,0.388,0.1555649122807017,6.664706200230004,68.46978557504872,-1,0
sergio leon,Centre-Forward,30.0,19/20,real betis,levante,3000000.0,4000000.0,0.0,0.0,3.3283534257246843,17.286271233639656,1,0
jacob bruun larsen,Left Winger,20.0,19/20,dortmund,hoffenheim,12000000.0,9000000.0,0.142,0.472060187871253,14.284533184144642,39.703425229741015,2,0
pedro neto,Right Winger,19.0,19/20,lazio,wolves,2500000.0,17900000.0,0.0,0.0,0.4021156948713247,0.6613756613756614,2,1
rafael leao,Left Winger,20.0,19/20,lille,ac milan,15000000.0,49500000.0,0.0,0.0,16.439277526169473,39.96797549429129,-1,1
wissam ben yedder,Centre-Forward,28.0,19/20,sevilla fc,monaco,40000000.0,40000000.0,0.0,0.0,66.23911207069642,82.0593149540518,0,1
adam szalai,Centre-Forward,31.0,19/20,hoffenheim,mainz,3000000.0,0.0,0.0,0.0,24.51235300104618,43.67864104706211,0,0
alex alegria,Centre-Forward,26.0,19/20,real betis,rcd mallorca,800000.0,0.0,0.0,0.0,1.6778197415554836,2.1164021164021167,1,0
alberto cerri,Centre-Forward,23.0,19/20,juventus,cagliari,6000000.0,9000000.0,0.4991,0.2820086687306501,4.191130641419605,18.998886104149264,3,0
ademola lookman,Centre-Forward,21.0,19/20,everton,leipzig,20000000.0,18000000.0,0.0,0.0,10.013286881290504,13.07435254803676,-2,0
lys mousset,Centre-Forward,23.0,19/20,bournemouth,sheffield utd,3500000.0,11100000.0,0.0,0.0,4.769714486345086,6.739069896964633,1,0
m'baye niang,Centre-Forward,24.0,19/20,torino,rennes jugend,12000000.0,15000000.0,0.0,0.0,32.61877376204786,51.32275132275132,-1,1
fabio borini,Centre-Forward,28.0,19/20,ac milan,hellas verona,5000000.0,0.0,0.0,0.0,12.691602352463669,28.634085213032577,3,0
paco alcacer,Centre-Forward,25.0,19/20,barcelona,dortmund,37000000.0,21000000.0,0.1023,0.4833666285278414,36.45585113312295,32.330827067669176,0,1
paco alcacer,Centre-Forward,25.0,19/20,dortmund,villarreal,42000000.0,25000000.0,0.0,0.0,36.45585113312295,32.330827067669176,1,0
patrick cutrone,Centre-Forward,21.0,19/20,ac milan,wolves,28000000.0,18000000.0,0.0,0.0,14.804257751498492,37.21804511278196,3,0
riccardo orsolini,Right Winger,22.0,19/20,juventus,bologna,15000000.0,15000000.0,0.3494,0.3827526315789473,31.21195105482792,53.83597883597884,2,1
andrea petagna,Centre-Forward,24.0,19/20,atalanta,spal,20000000.0,12000000.0,0.3817,0.1031035087719298,49.19533668352997,90.62935115566697,3,1
andrea petagna,Centre-Forward,24.0,19/20,spal,napoli,18000000.0,16600000.0,0.0,0.0,49.19533668352997,90.62935115566697,-4,0
allan saint-maximin,Left Winger,22.0,19/20,nice,newcastle,25000000.0,18000000.0,0.0,0.0,40.91261915171471,87.32943469785575,0,1
andrea adorante,Centre-Forward,35.0,19/20,inter,parma,125000.0,4000000.0,0.0,0.0,87.79559045722371,69.28881415565364,3,0
andrea favilli,Centre-Forward,22.0,19/20,juventus,genoa,6000000.0,12000000.0,0.2386,0.8988785714285714,2.7636449908837726,2.513227513227513,3,0
luka jovic,Centre-Forward,21.0,19/20,frankfurt,real madrid,60000000.0,63000000.0,0.0,0.0,51.12234389858455,56.414034614207424,-2,0
dong-won ji,Centre-Forward,27.0,19/20,augsburg,mainz,1750000.0,0.0,0.0,0.0,23.90509495947384,50.12361721267892,0,0
duvan zapata,Centre-Forward,28.0,19/20,sampdoria,atalanta,45000000.0,12000000.0,0.1989,0.0822924134660976,73.16608188805286,84.69785575048734,-1,1
eddie salcedo,Centre-Forward,30.0,19/20,genoa,inter milan,2000000.0,10000000.0,0.2971,0.0,7.710886700908743,33.44225330909279,-3,0
eden hazard,Left Winger,28.0,19/20,chelsea,real madrid,150000000.0,120800000.0,0.0,0.0,92.68023098774746,85.09468114731274,0,0
franck ribery,Left Winger,36.0,19/20,bayern munich,fiorentina,4000000.0,0.0,0.0,0.0,26.271985193835217,30.3536619326093,2,1
franco ferrari,Centre-Forward,28.0,19/20,genoa,napoli,250000.0,750000.0,0.5001,0.0,23.925526990772426,46.537491404330886,-3,0
dodi lukebakio,Right Winger,21.0,19/20,watford,hertha bsc,18000000.0,20000000.0,0.3283,0.0753368421052631,25.315391897087185,57.915622389306606,-2,0
vincenzo grifo,Left Winger,26.0,19/20,hoffenheim,freiburg,9000000.0,7000000.0,0.3646,0.2279509033778476,37.970143498702825,50.92592592592593,0,1
vittorio parigini,Left Winger,25.0,19/20,torino,genoa,1500000.0,0.0,0.4009,0.5101285475985045,17.764289895344636,45.06776771238497,1,0
antonino ragusa,Left Winger,25.0,19/20,sassuolo,hellas verona,1000000.0,1000000.0,0.3722,0.6584160000000001,20.984609244290315,59.16241791814629,1,0
andy carroll,Centre-Forward,30.0,19/20,west ham,newcastle,8000000.0,0.0,0.0,0.0,2.630179660922507,10.693400167084375,0,0
andy delort,Centre-Forward,27.0,19/20,toulouse,montpellier,12500000.0,4500000.0,0.0,0.0,68.84613207316117,93.13561681982736,-1,1
krzysztof piatek,Centre-Forward,23.0,19/20,ac milan,hertha bsc,32000000.0,24000000.0,0.0,0.0,1.839448033266644,30.238255660650697,2,0
antoine griezmann,Centre-Forward,28.0,19/20,atlético,barcelona,130000000.0,120000000.0,0.0,0.0,75.6476922683452,95.64188248398776,0,0
pablo sarabia,Right Winger,27.0,19/20,sevilla fc,paris sg,40000000.0,18000000.0,0.0,0.0,74.14376506720086,79.55304928989139,-1,0
denis bouanga,Left Winger,24.0,19/20,nîmes,saint-étienne,6000000.0,4500000.0,0.0,0.0,28.44347513629308,76.91450849345587,-2,1
denis cheryshev,Left Winger,27.0,19/20,villarreal,valencia,6000000.0,6000000.0,0.2614,0.8411070276973956,10.215186156335328,37.05777359127974,1,1
antonio di gaudio,Left Winger,29.0,19/20,parma,hellas verona,1400000.0,400000.0,0.0,0.0,3.4133378504585,22.159565580618214,0,0
florian niederlechner,Centre-Forward,28.0,19/20,freiburg,augsburg,3500000.0,2500000.0,0.0,0.0,13.065282470595504,30.07518796992481,0,0
darwin machis,Left Winger,26.0,19/20,udinese,granada,3000000.0,5000000.0,0.3994,0.1455473684210526,7.32225938316517,12.009189640768588,1,0
anwar el ghazi,Right Winger,20.0,19/20,lille,aston villa,7500000.0,9000000.0,0.0,0.0,28.62605983977096,53.59216512567127,1,1
juanmi,Left Winger,26.0,19/20,real sociedad,real betis,8000000.0,8000000.0,0.0,0.0,12.303169097485398,43.40712893344472,0,0
nolito,Left Winger,32.0,19/20,sevilla fc,celta vigo,1600000.0,0.0,0.0,0.0,0.2213503984289064,2.3739905318852688,1,1
ayoze perez,Centre-Forward,26.0,19/20,newcastle,leicester,20000000.0,33400000.0,0.0,0.0,48.700751781735896,87.59398496240601,0,0
danny ings,Centre-Forward,27.0,19/20,liverpool,southampton,15000000.0,25100000.0,0.3125,0.49064,31.2456919800196,54.469507101086045,3,1
danny welbeck,Centre-Forward,28.0,19/20,arsenal,watford,12000000.0,0.0,0.0,0.0,5.422658447129407,3.564466722361459,4,0
gelson martins,Right Winger,24.0,19/20,atlético,monaco,28000000.0,30000000.0,0.0,0.0,21.43994935957048,46.177944862155385,1,1
nicolas pepe,Right Winger,24.0,19/20,lille,arsenal,65000000.0,80000000.0,0.0,0.0,67.14556276649367,97.4937343358396,-1,0
romelu lukaku,Centre-Forward,26.0,19/20,man utd,inter,75000000.0,74000000.0,0.0,0.0,36.0454914831068,60.296574770258985,0,1
rony lopes,Right Winger,23.0,19/20,monaco,sevilla fc,25000000.0,25000000.0,0.0,0.0,29.215583017698115,56.06377053745475,0,1
stefano okaka,Centre-Forward,29.0,19/20,watford,udinese,5000000.0,4000000.0,0.3239,0.2990245614035088,20.35622274631468,29.02394876079087,-2,0
matheus cunha,Centre-Forward,20.0,19/20,leipzig,hertha bsc,13000000.0,18000000.0,0.0,0.0,10.271726219816845,24.408242829295464,2,1
sebastien haller,Centre-Forward,25.0,19/20,frankfurt,west ham,40000000.0,50000000.0,0.0,0.0,51.54049967604127,62.27373990531886,0,0
joselu,Centre-Forward,29.0,19/20,newcastle,alavés,4000000.0,2240000.0,0.0,0.0,4.894498136913443,15.309106098579782,1,1
matteo politano,Right Winger,25.0,19/20,sassuolo,inter,30000000.0,21100000.0,0.1136,0.1103473684210526,56.05798572477814,78.22333611807296,-2,0
christopher nkunku,Centre-Forward,21.0,19/20,paris sg,leipzig,12000000.0,19500000.0,0.0,0.0,22.21721955743583,34.03648008911166,0,1
borja iglesias,Centre-Forward,26.0,19/20,espanyol,real betis,28000000.0,28000000.0,0.0,0.0,47.27438455730371,91.2907268170426,0,1
mattia sprocati,Right Winger,26.0,19/20,lazio,parma,1500000.0,3000000.0,0.3959,0.2147087719298245,7.300552421709244,16.102756892230577,2,0
simone zaza,Centre-Forward,28.0,19/20,valencia,torino,10000000.0,12000000.0,0.2614,0.1538701754385964,15.54359298377152,35.63770537454748,0,0
breel embolo,Centre-Forward,22.0,19/20,fc schalke 04,mönchengladbach,14000000.0,11000000.0,0.0,0.0,18.04822220424273,39.44583681425787,0,1
benjamin goller,Right Winger,21.0,19/20,fc schalke 04,werder bremen,400000.0,0.0,0.0,0.0,1.025581788171556,27.680936436664805,0,0
maxi gomez,Centre-Forward,22.0,19/20,celta vigo,valencia,40000000.0,14500000.0,0.0,0.0,45.53768284268861,86.93957115009746,0,0
bernard tekpetey,Right Winger,22.0,19/20,sc paderborn,fc schalke 04,2500000.0,2500000.0,0.0,0.0,6.120672243527641,30.03249434377827,-2,0
ignacio pussetto,Centre-Forward,23.0,19/20,udinese,watford,8000000.0,8500000.0,0.0,0.0,24.85233894868672,63.58952937900306,2,0
nicola sansone,Left Winger,27.0,19/20,villarreal,bologna,7500000.0,8000000.0,0.3874,0.3759473684210526,20.060413588497973,34.43330548593706,1,0
henry onyekuru,Left Winger,23.0,19/20,everton,monaco,13000000.0,13500000.0,0.4003,0.4819754385964912,1.98564036741562,25.79969011097404,-1,1
irvin cardona,Centre-Forward,23.0,19/20,monaco,brest,1500000.0,1500000.0,0.0,0.0,26.599683679671102,44.75912573707632,2,0
santi mina,Centre-Forward,23.0,19/20,valencia,celta vigo,30000000.0,0.0,0.0,0.0,26.50142949881752,57.51183514341409,0,1
sada thioub,Right Winger,24.0,19/20,nîmes,angers,5500000.0,3500000.0,0.0,0.0,36.3322854307621,71.90197716513507,-1,0
moise kean,Centre-Forward,19.0,19/20,juventus,everton,40000000.0,27500000.0,0.1932,0.1924280701754386,11.871174183292032,14.51545530492899,2,1
chang-hoon kwon,Right Winger,25.0,19/20,dijon,freiburg,5500000.0,2000000.0,0.0,0.0,10.754393029379091,26.914508493455862,-2,0
chicharito,Centre-Forward,31.0,19/20,west ham,sevilla fc,12000000.0,7750000.0,0.0,0.0,18.765264549613,37.99777220829853,-1,0
fernando llorente,Centre-Forward,34.0,19/20,tottenham,napoli,3500000.0,0.0,0.0,0.0,10.063266945995858,18.079922027290447,-1,0
wesley said,Centre-Forward,24.0,19/20,dijon,toulouse,6000000.0,8000000.0,0.0,0.0,28.06977393171619,65.96351991088834,-1,1
alexander isak,Centre-Forward,25.0,19/20,dortmund,real sociedad,8000000.0,15000000.0,0.3084,0.5568473684210526,25.82293757658048,45.5968682414855,2,1
lucas perez,Centre-Forward,30.0,19/20,west ham,alavés,4000000.0,2300000.0,0.0,0.0,8.309649465125364,12.273739905318852,1,0
luis muriel,Centre-Forward,28.0,19/20,sevilla fc,atalanta,13000000.0,21200000.0,0.0,0.0,25.832295600128848,45.3842940685046,0,1
alex iwobi,Left Winger,23.0,19/20,arsenal,everton,25000000.0,30400000.0,0.0,0.0,41.26922710537495,57.915622389306606,2,1
lucas ocampos,Left Winger,25.0,19/20,marseille,sevilla fc,15000000.0,15000000.0,0.0,0.0,34.704543191301305,80.60428849902534,1,1
lois diony,Centre-Forward,27.0,20/21,saint-étienne,angers,2400000.0,0.0,0.0,0.0,6.176952064640995,20.31467557783348,1,0
yann karamoh,Left Winger,22.0,20/21,inter,parma,7500000.0,8000000.0,0.409,0.5049166232412715,7.0089188693764015,15.044555834029518,3,0
leroy sane,Right Winger,24.0,20/21,man city,bayern munich,80000000.0,49000000.0,0.0,0.0,0.1106751992144532,0.1322751322751323,0,1
ermedin demirovic,Centre-Forward,26.0,20/21,alavés,freiburg,3000000.0,3700000.0,0.0,0.0,50.65341156214164,65.67329387346669,-1,0
enes unal,Centre-Forward,23.0,20/21,villarreal,getafe,8000000.0,9000000.0,0.3074,0.1532402767482085,30.299968925382625,64.65469228627123,1,0
eric-maxim choupo-moting,Centre-Forward,31.0,20/21,paris sg,bayern munich,4000000.0,0.0,0.0,0.0,9.643293717445374,30.076586054536648,0,1
carles perez,Right Winger,22.0,20/21,barcelona,roma,9000000.0,13000000.0,0.0511,0.3265150097465886,17.85826511240503,28.50181008075745,0,0
carlos fernandez,Centre-Forward,24.0,20/21,sevilla fc,real sociedad,9000000.0,10000000.0,0.0,0.0,34.08859430093601,60.03898635477582,1,0
cedric teuchert,Centre-Forward,24.0,20/21,fc schalke 04,union berlin,1200000.0,0.0,0.0,0.0,11.14628059077836,34.52984884113277,2,0
callum robinson,Centre-Forward,25.0,20/21,sheffield utd,west brom,5500000.0,5916666.667,0.2898,0.3963614035087719,5.58475701220565,21.76274018379282,-1,0
moses simon,Left Winger,25.0,20/21,levante,nantes,6500000.0,5000000.0,0.2273,0.1543421052631579,30.24403035329121,64.90531885268726,-1,1
jean-kevin augustin,Centre-Forward,23.0,20/21,leipzig,leeds united,9500000.0,21000000.0,0.0,0.0,0.0,6.599832915622389,4,0
islam slimani,Centre-Forward,32.0,20/21,leicester,lyon,5000000.0,0.0,0.0,0.0,39.96372147748751,37.33639654692287,-2,0
christian kouame,Centre-Forward,22.0,20/21,genoa,fiorentina,17500000.0,15500000.0,0.1847,0.66,23.670964964529503,34.962406015037594,-1,1
mauro icardi,Centre-Forward,27.0,20/21,inter,paris sg,60000000.0,50000000.0,0.0,0.0,27.12825926847433,37.0718462823726,0,1
bertrand traore,Right Winger,24.0,20/21,lyon,aston villa,9500000.0,18400000.0,0.0,0.0,20.81814103393049,36.80729601782233,2,1
dani gomez,Centre-Forward,23.0,20/21,real madrid,levante,900000.0,2000000.0,0.3283,0.0,13.754463881315951,47.93372891167952,3,0
ignatius ganago,Centre-Forward,21.0,20/21,nice,lens,3600000.0,6000000.0,0.0,0.0,15.674812938861788,34.04344193817878,2,0
helder costa,Right Winger,25.0,20/21,wolves,leeds united,8000000.0,17700000.0,0.3636,0.0,12.990971135240237,43.15712691285528,1,1
jean-kevin augustin,Centre-Forward,23.0,20/21,leeds united,nantes,6000000.0,0.0,0.0,0.0,0.0,6.599832915622389,-2,0
matteo stoppa,Centre-Forward,19.0,20/21,juventus,sampdoria,100000.0,1000000.0,0.0,0.0,25.54608421805748,46.36112456129737,2,0
mattia destro,Centre-Forward,29.0,20/21,bologna,genoa,1800000.0,0.0,0.3722,0.3397972643473089,1.6778197415554836,8.841548315232526,1,0
daniel caligiuri,Right Winger,32.0,20/21,fc schalke 04,augsburg,4000000.0,0.0,0.0,0.0,28.437167871838973,67.9406850459482,0,1
gianluca lapadula,Centre-Forward,30.0,20/21,genoa,benevento,5000000.0,4000000.0,0.4489,0.4052917992656059,27.808695357435315,52.5062656641604,1,0
grady diangana,Right Winger,23.0,20/21,west ham,west brom,4500000.0,13500000.0,0.2386,0.1704421052631579,6.215960643054735,41.59921979939261,1,0
gregoire defrel,Centre-Forward,29.0,20/21,roma,sassuolo,8000000.0,11000000.0,0.3374,0.4618895438596491,14.473757112139436,26.26009468114731,2,0
suso,Right Winger,26.0,20/21,ac milan,sevilla fc,17500000.0,21700000.0,0.0,0.0,48.28894232067476,61.74463937621832,1,0
jorge molina,Centre-Forward,38.0,20/21,getafe,granada,1600000.0,0.0,0.0,0.0,28.69061242147794,58.04093567251463,1,1
jorge de frutos,Right Winger,28.0,20/21,real madrid,levante,2000000.0,6000000.0,0.3444,0.0,28.34846213821709,60.11773831791114,3,1
jose callejon,Right Winger,33.0,20/21,napoli,fiorentina,7500000.0,0.0,0.0,0.0,49.06234568556982,64.77304372041215,2,0
jota peleteiro,Right Winger,29.0,20/21,aston villa,alavés,3500000.0,0.0,0.0,0.0,4.077389045745219,10.157337788916736,1,0
giovanni simeone,Centre-Forward,25.0,20/21,fiorentina,cagliari,15000000.0,13000000.0,0.2898,0.0,30.83877393151561,87.72626009468114,1,1
nikola kalinic,Centre-Forward,32.0,20/21,atlético,hellas verona,5500000.0,1800000.0,0.0,0.0,13.02160040451449,31.840254484871743,3,0
rodrigo,Centre-Forward,29.0,20/21,valencia,leeds united,40000000.0,30000000.0,0.0,0.0,35.091649022792176,57.90866054023949,2,1
kai havertz,Centre-Forward,21.0,20/21,leverkusen,chelsea,81000000.0,100000000.0,0.0,0.0,65.04776973477765,74.26900584795322,0,1
karl toko ekambi,Centre-Forward,27.0,20/21,villarreal,lyon,14000000.0,11500000.0,0.3249,0.1748421052631579,26.03211020012928,43.53940406571986,-1,1
robert snodgrass,Right Winger,32.0,20/21,west ham,west brom,4000000.0,110000.0,0.3097,0.3028959857270294,27.513511126749165,44.59064327485381,1,0
oliver burke,Centre-Forward,23.0,20/21,west brom,sheffield utd,4800000.0,6500000.0,0.3454,0.0870736842105263,7.423328141108683,39.45279866332498,1,0
georginio rutter,Centre-Forward,23.0,20/21,rennes jugend,hoffenheim,1500000.0,750000.0,0.0,0.0,3.642521698755568,27.63684472590643,1,0
antonio sanabria,Centre-Forward,24.0,20/21,real betis,torino,6500000.0,6500000.0,0.0,0.0,19.95361287655001,41.42300194931774,0,1
anthony knockaert,Right Winger,27.0,20/21,brighton,fulham,6500000.0,11700000.0,0.0,0.0,29.408831302383096,50.44695642490702,1,1
demarai gray,Left Winger,24.0,20/21,leicester,leverkusen,12000000.0,2000000.0,0.0,0.0,14.817195421443111,13.07435254803676,-2,1
timo werner,Left Winger,24.0,20/21,leipzig,chelsea,64000000.0,53000000.0,0.0,0.0,63.85800946842559,84.55861876914508,0,0
andrea pinamonti,Centre-Forward,21.0,20/21,genoa,inter,13500000.0,21000000.0,0.0,0.0,19.73334964410151,63.067390698969646,-3,0
andrea pinamonti,Centre-Forward,21.0,20/21,inter,genoa,13500000.0,19500000.0,0.2891,0.2891631578947369,19.73334964410151,63.067390698969646,3,0
andre silva,Centre-Forward,24.0,20/21,ac milan,frankfurt,24000000.0,3000000.0,0.0,0.0,37.3879543326613,46.44249512670565,2,1
ante rebic,Left Winger,26.0,20/21,frankfurt,ac milan,32000000.0,6700000.0,0.0,0.0,28.82028282207922,45.2735290292574,-2,0
vedad ibisevic,Centre-Forward,35.0,20/21,hertha bsc,fc schalke 04,1200000.0,0.0,0.0,0.0,20.078396527118368,41.92255901162072,0,0
victor osimhen,Centre-Forward,21.0,20/21,lille,napoli,40000000.0,78900000.0,0.0,0.0,32.67205537341728,66.49262043998885,-1,1
roberto inglese,Centre-Forward,28.0,20/21,napoli,parma,12000000.0,21800000.0,0.5796,0.746230860821194,9.049861601762007,21.76970203285993,3,1
diogo jota,Left Winger,23.0,20/21,wolves,liverpool,28000000.0,44700000.0,0.0,0.0,24.550782818834865,69.12419938735728,-3,1
willian,Left Winger,31.0,20/21,chelsea,arsenal,22500000.0,0.0,0.0,0.0,63.23995520670134,76.38540796435534,0,0
amad diallo,Right Winger,18.0,20/21,atalanta,man utd,15000000.0,21300000.0,0.0,0.0,1.40423724811886,0.3968253968253968,-1,1
amine gouiri,Centre-Forward,20.0,20/21,lyon,nice,4000000.0,7000000.0,0.0,0.0,0.0,0.0,2,1
patrik schick,Centre-Forward,24.0,20/21,roma,leverkusen,25000000.0,26500000.0,0.0682,0.1440842105263157,26.70338882575004,38.78446115288221,0,1
papu gomez,Left Winger,32.0,20/21,atalanta,sevilla fc,15000000.0,6400000.0,0.0,0.0,95.09688294571616,86.53578390420495,0,1
felice d'amico,Centre-Forward,20.0,20/21,inter,sampdoria,250000.0,400000.0,0.0,0.0,25.54608421805748,46.36112456129737,2,0
fernando llorente,Centre-Forward,35.0,20/21,napoli,udinese,1000000.0,500.0,0.0,0.0,9.578021911977968,11.354775828460038,2,0
ferran torres,Centre-Forward,20.0,20/21,valencia,man city,45000000.0,33500000.0,0.0,0.0,33.38402813582248,67.27930938457254,-2,1
raphinha,Left Winger,23.0,20/21,rennes jugend,leeds united,16000000.0,18600000.0,0.0,0.0,29.612990700182166,51.18351434140909,3,1
edinson cavani,Centre-Forward,33.0,20/21,paris sg,man utd,20000000.0,0.0,0.0,0.0,12.663549505194446,18.072960178223337,0,1
vagner dias,Left Winger,25.0,20/21,saint-étienne,fc mtz,1600000.0,3000000.0,0.0,0.0,24.11594618932997,47.713270357887616,2,0
luis suarez,Centre-Forward,33.0,20/21,barcelona,atlético,28000000.0,9000000.0,0.0,0.0,46.76277434387652,58.312447786132005,0,1
leonardo candellone,Centre-Forward,23.0,20/21,torino,napoli,500000.0,500000.0,0.4724,0.0,25.54608421805748,46.36112456129737,-2,0
pedro,Right Winger,33.0,20/21,chelsea,roma,9500000.0,0.0,0.0,0.0,12.07149765798266,20.18240044555834,0,1
alexander srloth,Centre-Forward,28.0,20/21,crystal palace,leipzig,20000000.0,20000000.0,0.0,0.0,58.50156066177904,60.02955489639438,-2,0
alexis sanchez,Centre-Forward,31.0,20/21,man utd,inter,16000000.0,0.0,0.0,0.0,33.18464145959927,26.78223336118073,0,1
alex berenguer,Left Winger,30.0,20/21,torino,bilbao athletic,6000000.0,11130000.0,0.0,0.0,41.05896217264464,57.8249693584755,0,1
alberto soro,Right Winger,23.0,20/21,real madrid,granada,2700000.0,2500000.0,0.3283,0.0,7.350271300296677,29.224146313208017,3,0
alvaro morata,Centre-Forward,27.0,20/21,chelsea,atlético,36000000.0,35000000.0,0.0,0.0,32.98400507493809,63.71484266221108,0,0
alvaro vadillo,Left Winger,25.0,20/21,granada,celta vigo,2400000.0,0.0,0.0,0.0,15.803863036321134,37.59398496240601,-1,0
alvaro vadillo,Left Winger,25.0,21/22,celta vigo,espanyol,700000.0,1800000.0,0.25,0.1224774169466218,15.803863036321134,41.34936677176181,0,0
angel rodriguez,Centre-Forward,34.0,21/22,getafe,rcd mallorca,3000000.0,0.0,0.0,0.0,12.809252061575958,36.02756892230576,1,0
pierre-emerick aubameyang,Centre-Forward,32.0,21/22,arsenal,barcelona,15000000.0,0.0,0.0,0.0,37.48356670985679,68.46978557504872,0,1
erik lamela,Right Winger,29.0,21/22,tottenham,sevilla fc,16000000.0,0.0,0.0,0.0,7.096602291793916,17.160957950431634,0,1
wout weghorst,Centre-Forward,28.0,21/22,wolfsburg,burnley,20000000.0,17500000.0,0.0,0.0,60.288630791400784,86.6750208855472,1,1
leon bailey,Right Winger,23.0,21/22,leverkusen,aston villa,35000000.0,32000000.0,0.0,0.0,45.868106089759074,64.37621832358674,2,1
amath ndiaye,Right Winger,24.0,21/22,getafe,rcd mallorca,4000000.0,3000000.0,0.0,0.0,28.606255635240416,46.87552785347845,1,0
lukas nmecha,Centre-Forward,23.0,21/22,man city,wolfsburg,12000000.0,8000000.0,0.0,0.0,22.50548991234101,47.3605366718206,2,0
pedro,Right Winger,34.0,21/22,roma,lazio,5000000.0,0.0,0.0,0.0,23.14662791549114,49.728487886382624,1,1
rafa mir,Centre-Forward,24.0,21/22,wolves,sevilla fc,12000000.0,16000000.0,0.0,0.0,31.03180454673296,84.43330548593705,-2,0
eldor shomurodov,Centre-Forward,26.0,21/22,genoa,roma,7000000.0,19600000.0,0.0,0.0,25.626514968971595,45.65580618212197,-3,0
kevin lasagna,Centre-Forward,28.0,21/22,udinese,hellas verona,6000000.0,6500000.0,0.4312,0.2474210526315788,21.331615539106497,68.99888610414926,1,0
valere germain,Centre-Forward,31.0,21/22,marseille,montpellier,3000000.0,0.0,0.0,0.0,8.323324315001784,20.46087440824283,2,0
edoardo vergani,Centre-Forward,20.0,21/22,inter,salernitana,600000.0,0.0,0.0,0.0,0.0,0.1322751322751323,4,0
edin dzeko,Centre-Forward,35.0,21/22,roma,inter,4000000.0,2800000.0,0.0,0.0,30.57819626499524,50.25589234495405,0,1
ferran torres,Centre-Forward,21.0,21/22,man city,barcelona,45000000.0,55000000.0,0.0,0.0,23.81619724754593,38.91673628515734,0,1
felipe caicedo,Centre-Forward,32.0,21/22,lazio,genoa,4000000.0,2000000.0,0.0,0.0,19.447448936718967,25.46644388749652,2,0
felipe anderson,Right Winger,28.0,21/22,west ham,lazio,10000000.0,3000000.0,0.4221,0.1695207017543859,0.1106751992144532,0.0,-1,0
andy delort,Centre-Forward,29.0,21/22,montpellier,nice,16000000.0,10000000.0,0.0,0.0,68.15174033059958,75.98162071846282,0,0
andre silva,Centre-Forward,25.0,21/22,frankfurt,leipzig,45000000.0,23000000.0,0.0,0.0,71.53730618953503,82.71372876636033,-2,0
andros townsend,Right Winger,30.0,21/22,crystal palace,everton,7000000.0,0.0,0.0,0.0,37.150276264717824,66.09579504316346,0,1
andreas voglsammer,Centre-Forward,29.0,21/22,arm. bielefeld,union berlin,1700000.0,0.0,0.0,0.0,12.950997950513834,29.156223893066,0,0
dusan vlahovic,Centre-Forward,21.0,21/22,fiorentina,juventus,70000000.0,83500000.0,0.0,0.0,46.68641037488671,66.40815571943965,-2,1
keita balde,Left Winger,26.0,21/22,monaco,cagliari,8000000.0,0.0,0.2039,0.242119298245614,15.825377946215877,33.38206627680312,2,1
antonio candreva,Right Winger,35.0,21/22,inter,sampdoria,2500000.0,2500000.0,0.3807,0.1096736842105262,77.59301421599197,69.28881415565364,2,1
kang-in lee,Right Winger,20.0,21/22,valencia,rcd mallorca,10000000.0,0.0,0.0,0.0,21.58716520824748,38.25536062378168,1,1
jurgen locadia,Centre-Forward,25.0,21/22,brighton,vfl bochum,3000000.0,0.0,0.0,0.0,10.296914022385156,41.61391703631207,2,0
roberto soldado,Centre-Forward,36.0,21/22,granada,levante,1200000.0,500000.0,0.0,0.0,20.41456117053417,42.21665274296853,0,0
franck ribery,Left Winger,38.0,21/22,fiorentina,salernitana,3000000.0,0.0,0.0,0.0,32.87136328687399,68.4558618769145,2,1
demarai gray,Left Winger,25.0,21/22,leverkusen,everton,8000000.0,2000000.0,0.0,0.0,7.892567189623933,13.324979114452798,2,1
gaetan laborde,Centre-Forward,27.0,21/22,montpellier,rennes jugend,15000000.0,15000000.0,0.0,0.0,56.57779436310343,97.88359788359789,-1,1
theo walcott,Right Winger,32.0,21/22,everton,southampton,5000000.0,0.0,0.4148,0.5505188070175439,16.351068354082127,50.25758841548316,1,0
tammy abraham,Centre-Forward,23.0,21/22,chelsea,roma,38000000.0,41000000.0,0.3166,0.4065873577072452,14.875800752229315,31.13338902812587,0,0
stevan jovetic,Centre-Forward,31.0,21/22,monaco,hertha bsc,5000000.0,0.0,0.0,0.0,22.17277070147188,35.235316213266806,1,1
matheus cunha,Centre-Forward,22.0,21/22,hertha bsc,atlético,30000000.0,35000000.0,0.0,0.0,43.13160983017107,64.50849345586187,-2,0
olivier giroud,Centre-Forward,34.0,21/22,chelsea,ac milan,4000000.0,4800000.0,0.0,0.0,9.049861601762007,21.505151768309663,0,1
ognjen stijepovic,Centre-Forward,21.0,21/22,sampdoria,spezia,100000.0,0.0,0.3918,0.3421020191989407,25.54608421805748,46.36112456129737,2,0
danny ings,Centre-Forward,29.0,21/22,southampton,aston villa,22000000.0,29400000.0,0.0,0.0,38.2235091333365,66.08883319409635,-1,0
joshua king,Centre-Forward,29.0,21/22,everton,watford,8000000.0,0.0,0.0,0.0,0.8423285832468467,2.1164021164021167,2,0
taiwo awoniyi,Centre-Forward,23.0,21/22,liverpool,union berlin,5000000.0,8550000.0,0.7113,0.6259052631578949,17.858837581780204,41.026176552492345,4,1
max kruse,Centre-Forward,33.0,21/22,union berlin,wolfsburg,3500000.0,5000000.0,0.0,0.0,46.78473526331177,48.94179894179894,-2,1
jonathan ikone,Right Winger,23.0,21/22,lille,fiorentina,22000000.0,15400000.0,0.0,0.0,25.00781742827145,66.22110832637148,1,1
matteo politano,Right Winger,27.0,21/22,inter,napoli,30000000.0,22100000.0,0.1136,0.0388912280701754,34.07194432651491,56.98969646338068,0,1
daniel james,Right Winger,23.0,21/22,man utd,leeds united,18000000.0,29100000.0,0.0,0.0,11.033260340180984,27.83347257031468,4,1
dani raba,Centre-Forward,25.0,21/22,villarreal,granada,900000.0,0.0,0.3454,0.0,2.6822468898785736,3.564466722361459,2,0
romelu lukaku,Centre-Forward,28.0,21/22,inter,chelsea,100000000.0,113000000.0,0.0,0.0,76.22169271079221,84.43330548593705,0,0
nicolas de preville,Centre-Forward,30.0,21/22,g. bordeaux,fc mtz,3000000.0,0.0,0.0,0.0,26.19764555016345,43.41409078251184,2,0
billal brahimi,Right Winger,21.0,21/22,angers,nice,1200000.0,7000000.0,0.0,0.0,17.028521247355673,35.205921739427886,-1,0
maxwel cornet,Left Winger,24.0,21/22,lyon,burnley,12000000.0,15000000.0,0.0,0.0,35.06141919215695,74.13673071567808,3,1
cristiano ronaldo,Centre-Forward,36.0,21/22,juventus,man utd,45000000.0,17000000.0,0.0,0.0,81.63330134398707,81.92703982177667,0,1
ruben rochina,Right Winger,31.0,21/22,levante,granada,2800000.0,0.0,0.0,0.0,15.492602124925952,34.368179235018715,0,0
hannes wolf,Right Winger,22.0,21/22,leipzig,mönchengladbach,8000000.0,9500000.0,0.0,0.0,16.363901734295233,38.659147869674186,2,1
jean-philippe mateta,Centre-Forward,24.0,21/22,mainz,crystal palace,5000000.0,11000000.0,0.0,0.0,19.59499574755518,36.278195488721806,0,1
bryan gil,Left Winger,20.0,21/22,sevilla fc,tottenham,30000000.0,25000000.0,0.0,0.0,38.0883838983556,67.67613478139793,0,0
memphis depay,Centre-Forward,27.0,21/22,lyon,barcelona,45000000.0,0.0,0.0,0.0,96.0759597143431,86.41047062099693,0,1
sergio aguero,Centre-Forward,33.0,21/22,man city,barcelona,18000000.0,0.0,0.0,0.0,11.659592630236435,17.411584516847675,0,0
jason remeseiro,Right Winger,27.0,21/22,valencia,alavés,2500000.0,0.0,0.2273,0.0,21.999014414794228,40.834963479580736,1,0
nico gonzalez,Left Winger,23.0,21/22,stuttgart,fiorentina,22000000.0,27370000.0,0.0,0.0,13.894491803815244,26.914508493455862,0,1
jadon sancho,Left Winger,21.0,21/22,dortmund,man utd,100000000.0,85000000.0,0.0,0.0,61.7659268282691,61.86995265942634,0,0
carlos bacca,Centre-Forward,34.0,21/22,villarreal,granada,1800000.0,0.0,0.0,0.0,11.921693674311255,23.3500417710944,2,0
ishak belfodil,Centre-Forward,29.0,21/22,hoffenheim,hertha bsc,2800000.0,500000.0,0.0,0.0,4.008583443895288,17.9406850459482,0,0
isaac success,Centre-Forward,27.0,21/22,watford,udinese,1800000.0,1800000.0,0.3369,0.3342240963855422,15.69874400942888,36.83731503748785,-2,0
myziane maolida,Left Winger,22.0,21/22,nice,hertha bsc,7000000.0,4000000.0,0.0,0.0,12.47150233315964,30.34670008354219,0,1
musa barrow,Left Winger,22.0,21/22,atalanta,bologna,20000000.0,14340000.0,0.2936,0.0,51.266106311044055,87.72626009468114,1,1
chris wood,Centre-Forward,29.0,21/22,burnley,newcastle,6000000.0,30000000.0,0.0,0.0,30.96153957078204,82.44917850181008,-1,0
jack harrison,Left Winger,24.0,21/22,man city,leeds united,15000000.0,12800000.0,0.0,0.0,50.421289819314914,86.53578390420495,4,1
jack grealish,Left Winger,25.0,21/22,aston villa,man city,65000000.0,117500000.0,0.0,0.0,64.13980437507165,63.7218045112782,-2,0
lionel messi,Right Winger,34.0,21/22,barcelona,paris sg,80000000.0,0.0,0.0,0.0,100.0,87.86549707602339,0,1
aleix vidal,Right Winger,33.0,21/22,sevilla fc,espanyol,2000000.0,0.0,0.0,0.0,12.749182379488644,38.5128000463062,1,0
lucas alario,Centre-Forward,29.0,22/23,leverkusen,frankfurt,8000000.0,6000000.0,0.0,0.0,13.438962588727344,16.235032024505706,2,0
alexander isak,Centre-Forward,22.0,22/23,real sociedad,newcastle,30000000.0,77500000.0,0.0,0.0,24.48214522463344,65.69200779727096,0,1
leandro trossard,Left Winger,27.0,22/23,brighton,arsenal,30000000.0,24000000.0,0.0,0.0,42.38351794106169,83.37510442773602,-2,1
pierre-emerick aubameyang,Centre-Forward,33.0,22/23,barcelona,chelsea,15000000.0,12000000.0,0.0,0.0,37.744831811099885,63.97939292676135,0,0
pietro pellegri,Centre-Forward,21.0,22/23,monaco,torino,4500000.0,4200000.0,0.1329,0.5878487593984962,2.916591603202024,7.790309106098581,1,0
angel di maria,Right Winger,34.0,22/23,paris sg,juventus,12000000.0,0.0,0.0,0.0,47.68181366164012,49.20634920634921,0,0
adam ounas,Right Winger,25.0,22/23,napoli,lille,7000000.0,2500000.0,0.3818,0.6518583735643064,7.3645977586197535,6.0776942355889725,1,0
ademola lookman,Centre-Forward,24.0,22/23,leipzig,atalanta,10000000.0,10850000.0,0.0,0.0,25.74800258345812,42.34892787524367,1,1
adnan januzaj,Right Winger,27.0,22/23,real sociedad,sevilla fc,12000000.0,0.0,0.0,0.0,25.032731969748987,46.310219994430526,-1,0
yoann touzghar,Centre-Forward,35.0,22/23,troyes,ajaccio,600000.0,0.0,0.0,0.0,14.911974559798884,42.4812030075188,0,0
ivan perisic,Left Winger,30.0,22/23,inter,tottenham,10000000.0,0.0,0.1989,0.2697415371903265,51.30768941737488,63.145369123319725,1,1
sebastian polter,Centre-Forward,31.0,22/23,vfl bochum,fc schalke 04,2200000.0,1500000.0,0.0,0.0,33.546088307270395,69.91785018100808,-2,0
irvin cardona,Centre-Forward,24.0,22/23,brest,augsburg,2500000.0,500000.0,0.0,0.0,16.050337311448324,36.68198273461432,-1,0
samu castillejo,Right Winger,27.0,22/23,ac milan,valencia,4000000.0,0.0,0.0,0.0,2.445398892653746,3.1676413255360623,2,0
sadio mane,Left Winger,30.0,22/23,liverpool,bayern munich,70000000.0,32000000.0,0.0,0.0,43.73542642058571,83.50737956001115,0,1
cengiz under,Right Winger,25.0,22/23,roma,marseille,22000000.0,11400000.0,0.2845,0.31384,32.44775220720899,65.16986911723754,0,1
sasa kalajdzic,Centre-Forward,25.0,22/23,stuttgart,wolves,25000000.0,18000000.0,0.0,0.0,20.744751135204403,35.09468114731272,1,1
milan djuric,Centre-Forward,32.0,22/23,salernitana,hellas verona,1500000.0,0.0,0.0,0.0,25.54608421805748,46.36112456129737,-1,0
mohamed bayo,Centre-Forward,24.0,22/23,clermont foot,lille,12000000.0,14000000.0,0.0,0.0,44.77443783262719,70.97605123920914,-3,1
mohamed-ali cho,Right Winger,18.0,22/23,angers,real sociedad,15000000.0,13000000.0,0.0,0.0,11.873041485482569,50.44695642490702,-1,1
neal maupay,Centre-Forward,25.0,22/23,brighton,everton,18000000.0,11800000.0,0.0,0.0,29.868835934983657,66.36034530771373,0,0
ignatius ganago,Centre-Forward,23.0,22/23,lens,nantes,5000000.0,4400000.0,0.0,0.0,14.304054332242044,29.5530492898914,-2,0
janis antiste,Centre-Forward,19.0,22/23,spezia,sassuolo,4000000.0,5680000.0,0.0,0.0,5.806166862174698,23.482316903369536,-2,0
breel embolo,Centre-Forward,25.0,22/23,mönchengladbach,monaco,15000000.0,12500000.0,0.0,0.0,37.09207976293497,63.457254246727935,-1,1
memphis depay,Centre-Forward,28.0,22/23,barcelona,atlético,20000000.0,3000000.0,0.0,0.0,49.65966832231693,53.56446672236146,0,0
michael gregoritsch,Centre-Forward,28.0,22/23,augsburg,freiburg,4500000.0,0.0,0.2273,0.1410666666666666,24.32176815434127,40.23948760790866,0,0
hee-chan hwang,Centre-Forward,26.0,22/23,leipzig,wolves,16000000.0,16700000.0,0.0,0.0,22.940565412012653,53.6967418546366,3,0
hugo duro,Centre-Forward,22.0,22/23,getafe,valencia,10000000.0,4000000.0,0.3021,0.0,19.58708085804521,55.93149540517961,0,1
jens petter hauge,Left Winger,22.0,22/23,ac milan,frankfurt,8000000.0,8200000.0,0.0,0.0,12.529570048434843,27.18602060707324,2,1
joaquin correa,Centre-Forward,27.0,22/23,lazio,inter,23000000.0,27300000.0,0.1364,0.5343402400498152,22.209345629457747,30.868838763575607,-1,0
borja mayoral,Centre-Forward,25.0,22/23,real madrid,getafe,9000000.0,10000000.0,0.2402,0.0731210526315789,19.397965948739618,32.588415483152325,2,1
nuno da costa,Centre-Forward,28.0,22/23,nott'm forest,aj auxerre,1200000.0,0.0,0.0,0.0,25.57250908387381,52.88669775353725,0,0
goncalo guedes,Left Winger,25.0,22/23,valencia,wolves,40000000.0,32600000.0,0.0,0.0,49.12020309301579,77.83347257031468,1,0
goncalo paciencia,Centre-Forward,27.0,22/23,frankfurt,celta vigo,3000000.0,790000.0,0.0,0.0,9.605778242729336,12.802840434419382,0,0
mattia zaccagni,Left Winger,27.0,22/23,hellas verona,lazio,18000000.0,7100000.0,0.1875,0.3133011441647597,23.88998532938191,55.14480646059594,-2,1
sofiane diop,Left Winger,22.0,22/23,monaco,nice,20000000.0,22000000.0,0.0,0.0,37.77774193365959,60.15037593984962,1,0
gianluca caprari,Centre-Forward,29.0,22/23,sampdoria,hellas verona,10000000.0,5000000.0,0.4742,0.1951859649122806,71.96597043909516,83.63269284321916,1,0
gianluca scamacca,Centre-Forward,23.0,22/23,sassuolo,west ham,30000000.0,38600000.0,0.4318,0.1248491228070175,39.17339492620748,64.37621832358674,0,0
danny ings,Centre-Forward,30.0,22/23,aston villa,west ham,16000000.0,12000000.0,0.0,0.0,26.45485251707097,56.85742133110554,0,0
taiwo awoniyi,Centre-Forward,24.0,22/23,union berlin,nott'm forest,20000000.0,20500000.0,0.0,0.0,42.65640230086352,70.16847674742411,0,1
takefusa kubo,Right Winger,21.0,22/23,real madrid,real sociedad,7500000.0,6500000.0,0.3693,0.2693842105263158,19.814683737867565,45.91339459760512,2,1
joshua zirkzee,Centre-Forward,23.0,22/23,bayern munich,bologna,11000000.0,27500000.0,0.3988,0.166703320802005,12.01090206092798,35.52926095165599,2,1
josip brekalo,Left Winger,24.0,22/23,wolfsburg,fiorentina,7500000.0,1700000.0,0.1932,0.3550900928792569,1.7642899689867129,0.2645502645502646,0,0
mathys tel,Centre-Forward,17.0,22/23,rennes jugend,bayern munich,2000000.0,20000000.0,0.0,0.0,0.6154284860682844,0.7936507936507936,-1,0
georginio rutter,Centre-Forward,20.0,22/23,hoffenheim,leeds united,16000000.0,40500000.0,0.0,0.0,27.511256448622653,40.78251183514341,2,1
mathias pereira lage,Left Winger,28.0,22/23,angers,brest,2500000.0,0.0,0.0,0.0,11.196900769560932,42.02543967005693,0,0
timo werner,Left Winger,26.0,22/23,chelsea,leipzig,35000000.0,20000000.0,0.0,0.0,9.245317079594278,38.65218602060708,0,0
takumi minamino,Left Winger,27.0,22/23,liverpool,monaco,12000000.0,15000000.0,0.3011,0.0575473684210526,3.4785704518418954,4.093567251461988,1,1
tairyk arconte,Centre-Forward,19.0,22/23,ajaccio,brest,400000.0,0.0,0.0,0.0,0.7254598221884608,25.329378529551345,-1,0
gabriel jesus,Centre-Forward,25.0,22/23,man city,arsenal,50000000.0,52200000.0,0.0,0.0,40.375013026645085,55.277081592871056,0,0
gaetan laborde,Centre-Forward,28.0,22/23,rennes jugend,nice,18000000.0,15000000.0,0.0,0.0,56.74443153809176,92.47424115845168,1,1
arkadiusz milik,Centre-Forward,28.0,22/23,napoli,marseille,16000000.0,9700000.0,0.3249,0.6026369094649455,21.250819118725747,40.50403787245892,0,1
marlos moreno,Left Winger,25.0,22/23,man city,troyes,900000.0,1650000.0,0.0,0.0,29.15662495980433,48.03660957011572,4,0
martin braithwaite,Centre-Forward,31.0,22/23,barcelona,espanyol,6000000.0,0.0,0.0,0.0,5.210510664399024,7.386521860206072,2,0
jeremie boga,Left Winger,25.0,22/23,sassuolo,atalanta,19000000.0,22000000.0,0.1761,0.4337698775239986,18.77688651106728,40.7685881370092,-1,1
robert lewandowski,Centre-Forward,33.0,22/23,bayern munich,barcelona,45000000.0,45000000.0,0.0,0.0,84.60085452015652,87.99081035923142,0,1
florian niederlechner,Centre-Forward,31.0,22/23,augsburg,hertha bsc,2200000.0,800000.0,0.0,0.0,18.123723427039884,34.1687552213868,0,0
francesco caputo,Centre-Forward,34.0,22/23,sassuolo,sampdoria,2500000.0,4000000.0,0.3949,0.1752369218500797,39.12692961356429,86.6750208855472,0,1
frank tsadjout,Centre-Forward,24.0,22/23,ac milan,cremonese,900000.0,400000.0,0.0,0.0,11.431144795121032,38.89492820621213,4,0
anthony gordon,Left Winger,21.0,22/23,everton,newcastle,40000000.0,45600000.0,0.0,0.0,25.18333075614687,66.49262043998885,0,1
kamaldeen sulemana,Left Winger,20.0,22/23,rennes jugend,southampton,18000000.0,25000000.0,0.0,0.0,19.2343257538421,29.42077415761627,2,1
kenedy,Left Winger,25.0,22/23,chelsea,real valladolid,7000000.0,500000.0,0.0,0.0,3.843398323779178,27.489872356711835,4,0
divock origi,Centre-Forward,27.0,22/23,liverpool,ac milan,12000000.0,0.0,0.0,0.0,5.239344459722152,1.9841269841269844,0,0
pablo sarabia,Right Winger,30.0,22/23,paris sg,wolves,20000000.0,5000000.0,0.0,0.0,0.7807711548186286,0.2645502645502646,3,0
riccardo ciervo,Left Winger,20.0,22/23,roma,sassuolo,1500000.0,2000000.0,0.1755,0.0,29.02707162005932,48.962535496041646,2,0
richarlison,Centre-Forward,25.0,22/23,everton,tottenham,48000000.0,58000000.0,0.0,0.0,35.490838708748406,73.87914230019493,-1,1
felix afena-gyan,Left Winger,19.0,22/23,roma,cremonese,6000000.0,6000000.0,0.0,0.0,4.521292313168904,17.68309663046505,4,1
raphinha,Left Winger,25.0,22/23,leeds united,barcelona,45000000.0,58000000.0,0.0,0.0,51.24930142376616,87.59398496240601,-4,1
raul de tomas,Centre-Forward,27.0,22/23,espanyol,rayo vallecano,25000000.0,11000000.0,0.0,0.0,53.127335929474114,86.27819548872179,1,1
edinson cavani,Centre-Forward,35.0,22/23,man utd,valencia,4000000.0,0.0,0.0,0.0,7.445324511493601,20.45391255917572,2,0
andrea belotti,Centre-Forward,28.0,22/23,torino,roma,20000000.0,0.0,0.0,0.0,20.612627472389608,41.15845168476747,-2,0
manu vallejo,Centre-Forward,25.0,22/23,valencia,girona,3000000.0,0.0,0.3845,0.0,6.135383966171616,9.5098858256753,2,0
vedat muriqi,Centre-Forward,28.0,22/23,lazio,rcd mallorca,7000000.0,8020000.0,0.0,0.0,20.87760927395899,46.70704539125591,2,0
paulo dybala,Centre-Forward,28.0,22/23,juventus,roma,35000000.0,0.0,0.0,0.0,50.4766989885148,64.50153160679476,0,1
federico bonazzoli,Centre-Forward,25.0,22/23,sampdoria,salernitana,5000000.0,5000000.0,0.5775,0.3037298947368421,27.756961484002733,52.38095238095239,2,0
federico chiesa,Right Winger,24.0,22/23,fiorentina,juventus,65000000.0,44600000.0,0.0511,0.732111373260738,14.96388883434358,27.17209690893901,-2,1
raheem sterling,Right Winger,27.0,22/23,man city,chelsea,70000000.0,56200000.0,0.0,0.0,40.32271086555039,61.48008911166807,0,0
randal kolo muani,Centre-Forward,23.0,22/23,nantes,frankfurt,16000000.0,0.0,0.0,0.0,40.95566135498661,88.12308549150654,0,1
luka jovic,Centre-Forward,24.0,22/23,real madrid,fiorentina,16000000.0,0.0,0.1847,0.4276126802856197,6.340017979808326,28.871412627141,2,0
amine gouiri,Centre-Forward,22.0,22/23,nice,rennes jugend,42000000.0,28000000.0,0.0,0.0,57.4353368865748,82.58145363408522,-1,1
willian jose,Centre-Forward,30.0,22/23,real sociedad,real betis,12000000.0,10000000.0,0.0,0.0,29.328438398347444,48.54497354497354,0,1
alexandre lacazette,Centre-Forward,31.0,22/23,arsenal,lyon,15000000.0,0.0,0.0,0.0,28.793426505022303,52.5062656641604,0,0
alexis sanchez,Centre-Forward,33.0,22/23,inter,marseille,3500000.0,0.0,0.0,0.0,30.16975866997132,22.17348927875244,0,1
erling haaland,Centre-Forward,22.0,22/23,dortmund,man city,150000000.0,60000000.0,0.0,0.0,55.39517780511595,55.673906989696455,0,1
ermedin demirovic,Centre-Forward,24.0,22/23,freiburg,augsburg,6000000.0,2300000.0,0.0,0.0,10.31263368692442,36.24942556070948,0,0
iliman ndiaye,Right Winger,25.0,23/24,sheffield utd,marseille,18000000.0,17000000.0,0.0,0.0,21.01153144781706,47.22826153954547,-4,1
moussa diaby,Right Winger,24.0,23/24,leverkusen,aston villa,50000000.0,55000000.0,0.0,0.0,52.883813579031134,83.10359231411863,2,1
nicolas jackson,Centre-Forward,22.0,23/24,villarreal,chelsea,30000000.0,37000000.0,0.0,0.0,35.04223224508294,44.597605123920914,-1,1
niclas fullkrug,Centre-Forward,30.0,23/24,werder bremen,dortmund,13000000.0,17250000.0,0.0,0.0,54.77450442461269,73.21776663881927,-2,1
harry kane,Centre-Forward,30.0,23/24,tottenham,bayern munich,90000000.0,95000000.0,0.0,0.0,100.0,100.0,-1,1
hamed traore,Left Winger,23.0,23/24,sassuolo,bournemouth,22000000.0,25620000.0,0.2472,0.6601148601232811,21.494572357396223,29.42077415761627,1,1
alexander srloth,Centre-Forward,27.0,23/24,leipzig,villarreal,12000000.0,10000000.0,0.0,0.0,34.627701334169075,58.60392291520684,1,1
yayah kallon,Right Winger,22.0,23/24,genoa,hellas verona,1500000.0,1800000.0,0.2386,0.1355228070175438,10.984810065726792,23.22472848788638,0,0
adama traore,Right Winger,27.0,23/24,wolves,fulham,10000000.0,0.0,0.1136,0.1532473684210526,20.011924542487314,37.74714564188248,0,1
timothy weah,Right Winger,23.0,23/24,lille,juventus,14000000.0,11000000.0,0.0,0.0,20.49454356757498,49.345586187691445,-1,1
anthony elanga,Right Winger,21.0,23/24,man utd,nott'm forest,18000000.0,22930000.0,0.0,0.0,3.9962188417722415,12.795878585352272,4,1
ansgar knauff,Right Winger,20.0,23/24,dortmund,frankfurt,8000000.0,5000000.0,0.0,0.0,0.5127908940857779,25.12361721267892,2,0
luka romero,Right Winger,18.0,23/24,lazio,ac milan,3000000.0,0.0,0.0,0.0,1.8063529429901848,3.564466722361459,-1,0
luka jovic,Centre-Forward,25.0,23/24,fiorentina,ac milan,8000000.0,500000.0,0.0,0.0,23.061433356669266,45.993693638310894,-2,0
alexis sanchez,Centre-Forward,34.0,23/24,marseille,inter,4000000.0,0.0,0.0,0.0,63.92752448660701,81.52325257588416,0,0
andy delort,Centre-Forward,31.0,23/24,nice,nantes,7000000.0,5000000.0,0.0,0.0,22.56556798711676,38.12308549150655,0,0
andrea pinamonti,Centre-Forward,24.0,23/24,inter,sassuolo,15000000.0,20000000.0,0.3904,0.3987202429149797,18.671835292977924,64.640768588137,2,0
antoine griezmann,Centre-Forward,32.0,23/24,barcelona,atlético,25000000.0,22000000.0,0.0,0.0,93.82325160481254,82.8529657477026,0,1
keinan davis,Centre-Forward,27.0,23/24,aston villa,udinese,3000000.0,2300000.0,0.3801,0.3011543859649123,3.4804231336793245,26.181818270879976,0,0
beto,Centre-Forward,25.0,23/24,udinese,everton,25000000.0,25000000.0,0.0,0.0,25.64824162619957,61.61236424394318,0,1
bertrand traore,Right Winger,27.0,23/24,aston villa,villarreal,10000000.0,0.0,0.4107,0.3259159791370317,4.158201503491944,4.75494291283765,-1,0
jeremie boga,Left Winger,26.0,23/24,atalanta,nice,14000000.0,17500000.0,0.0,0.0,27.638221171627816,18.08688387635756,1,1
junior messias,Right Winger,32.0,23/24,ac milan,genoa,3000000.0,1500000.0,0.0,0.0,17.266152793622215,46.95767195767196,3,0
kevin schade,Left Winger,21.0,23/24,freiburg,brentford,25000000.0,25000000.0,0.3011,0.2184947368421053,7.339384250227638,24.01837928153717,2,1
kevin behrens,Centre-Forward,32.0,23/24,union berlin,wolfsburg,4000000.0,2000000.0,0.0,0.0,32.034579353220764,44.9874686716792,-2,0
sven michel,Left Winger,33.0,23/24,union berlin,augsburg,900000.0,950000.0,0.0,0.0,7.945434868921306,9.906711222500697,-2,0
arkadiusz milik,Centre-Forward,29.0,23/24,marseille,juventus,8000000.0,7300000.0,0.1847,0.5200516800475766,23.059589102214563,50.264550264550266,0,0
sergio camello,Centre-Forward,22.0,23/24,atlético,rayo vallecano,10000000.0,5000000.0,0.0,0.0,28.23519533623519,70.843776106934,3,0
sergi canos,Left Winger,26.0,23/24,brentford,valencia,9000000.0,250000.0,0.3994,0.3792631578947368,0.5127908940857779,1.190476190476191,-2,1
kang-in lee,Right Winger,22.0,23/24,rcd mallorca,paris sg,22000000.0,22000000.0,0.0,0.0,44.02046544964438,84.95544416597048,-3,1
kai havertz,Centre-Forward,24.0,23/24,chelsea,arsenal,55000000.0,75000000.0,0.0,0.0,38.607870092362994,77.17209690893903,0,0
mariano diaz,Centre-Forward,30.0,23/24,real madrid,sevilla fc,2500000.0,0.0,0.0,0.0,0.6154284860682844,3.564466722361459,1,0
marcus thuram,Centre-Forward,25.0,23/24,mönchengladbach,inter,32000000.0,0.0,0.0,0.0,41.33789732523703,73.7468671679198,-2,1
jeremy doku,Left Winger,21.0,23/24,rennes jugend,man city,28000000.0,60000000.0,0.0,0.0,25.319271396342604,36.02060707323865,-1,1
brennan johnson,Right Winger,22.0,23/24,nott'm forest,tottenham,38000000.0,55000000.0,0.0,0.0,24.431565726256668,86.54274575327207,-3,1
sheraldo becker,Left Winger,28.0,23/24,union berlin,real sociedad,12000000.0,3000000.0,0.0,0.0,48.90821224882828,80.98719019771652,-2,0
samuel chukwueze,Right Winger,24.0,23/24,villarreal,ac milan,25000000.0,21100000.0,0.0,0.0,36.7809364872443,69.91785018100808,-1,0
samu aghehowa,Centre-Forward,19.0,23/24,granada,atlético,200000.0,6000000.0,0.0,0.0,23.463947270124223,52.81321156893994,-3,0
chris wood,Centre-Forward,31.0,23/24,newcastle,nott'm forest,8000000.0,17000000.0,0.0,0.0,8.42651822618375,23.87914230019493,2,1
cameron archer,Centre-Forward,22.0,23/24,aston villa,sheffield utd,12000000.0,21550000.0,0.3646,0.0,0.0,0.6613756613756614,2,1
callum hudson-odoi,Left Winger,22.0,23/24,chelsea,nott'm forest,15000000.0,3500000.0,0.0,0.0,9.018212528392011,18.072960178223337,4,1
serhou guirassy,Centre-Forward,27.0,23/24,rennes jugend,stuttgart,14000000.0,9000000.0,0.0,0.0,28.32092993232164,50.52213868003341,1,1
boulaye dia,Centre-Forward,26.0,23/24,villarreal,salernitana,25000000.0,14400000.0,0.4271,0.4860017543859649,49.46634677056677,72.56335282651072,3,0
carles perez,Right Winger,25.0,23/24,roma,celta vigo,5000000.0,5200000.0,0.2273,0.1600028070175438,24.47002128856252,61.74463937621832,2,0
christopher nkunku,Centre-Forward,25.0,23/24,leipzig,chelsea,80000000.0,60000000.0,0.0,0.0,52.695358348654686,54.22584238373712,0,0
christian pulisic,Right Winger,24.0,23/24,chelsea,ac milan,25000000.0,20800000.0,0.0,0.0,8.622141593838146,22.563352826510723,0,1
samuele mulattieri,Centre-Forward,23.0,23/24,inter,sassuolo,4500000.0,5300000.0,0.3289,0.4791894736842105,1.839448033266644,30.238255660650697,2,0
jordi mboula,Right Winger,23.0,23/24,rcd mallorca,hellas verona,1200000.0,0.0,0.0,0.0,2.679196557943816,27.96018393813453,0,0
matheus cunha,Centre-Forward,24.0,23/24,atlético,wolves,25000000.0,50000000.0,0.0,0.0,11.84927376921682,38.13004734057366,3,1
cyril ngonge,Right Winger,23.0,23/24,hellas verona,napoli,6000000.0,20000000.0,0.0,0.0,10.094633320941735,22.820941241993875,-3,1
jonathan bamba,Left Winger,27.0,23/24,lille,celta vigo,20000000.0,0.0,0.0,0.0,47.71211444904896,82.97827903091061,1,0
matteo cancellieri,Right Winger,21.0,23/24,hellas verona,lazio,5000000.0,8500000.0,0.1051,0.08082773422919,1.5320525204887665,5.019493177387914,-2,1
raul jimenez,Centre-Forward,32.0,23/24,wolves,fulham,6000000.0,6400000.0,0.0,0.0,5.73847041440684,22.96017822333612,0,0
rasmus hjlund,Centre-Forward,20.0,23/24,atalanta,man utd,45000000.0,77800000.0,0.0,0.0,29.48775216223882,50.40286471414864,-1,0
jesper lindstrm,Right Winger,23.0,23/24,frankfurt,napoli,28000000.0,30000000.0,0.0,0.0,18.25215889369718,48.12479299163247,-2,1
portu,Right Winger,27.0,23/24,real sociedad,getafe,3500000.0,3500000.0,0.3381,0.0,22.268591618815385,42.33408164536557,0,0
portu,Right Winger,27.0,23/24,getafe,girona,3500000.0,1500000.0,0.0,0.0,22.268591618815385,42.33408164536557,2,0
pierre-emerick aubameyang,Centre-Forward,34.0,23/24,chelsea,marseille,4000000.0,0.0,0.0,0.0,3.694118654346551,14.912280701754389,0,1
elye wahi,Centre-Forward,20.0,23/24,montpellier,lens,35000000.0,30000000.0,0.0,0.0,44.94408561774676,75.06265664160401,2,1
randal kolo muani,Centre-Forward,24.0,23/24,frankfurt,paris sg,80000000.0,95000000.0,0.0,0.0,54.9132060014202,79.41381230854915,-2,1
mergim berisha,Centre-Forward,25.0,23/24,augsburg,hoffenheim,12000000.0,14000000.0,0.0,0.0,29.16152041963492,51.051239209133946,0,1
phillip tietz,Centre-Forward,27.0,23/24,darmstadt 98,augsburg,2700000.0,2200000.0,0.0,0.0,33.02737646633028,58.45695054601225,-2,0
ousmane dembele,Centre-Forward,26.0,23/24,barcelona,paris sg,60000000.0,50000000.0,0.0,0.0,39.238157051400606,41.819827346143136,0,1
folarin balogun,Centre-Forward,22.0,23/24,arsenal,monaco,30000000.0,30000000.0,0.3369,0.1378473684210526,55.471751800855664,88.7844611528822,1,1
gianluca caprari,Centre-Forward,30.0,23/24,hellas verona,monza,8000000.0,8000000.0,0.4347,0.2061208931419457,34.931087993441345,77.95182400445559,1,1
giacomo raspadori,Centre-Forward,23.0,23/24,sassuolo,napoli,35000000.0,28000000.0,0.0597,0.3577894736842105,16.04087468400151,27.179058758006125,-2,1
omar marmoush,Centre-Forward,24.0,23/24,wolfsburg,frankfurt,6000000.0,0.0,0.0,0.0,20.977881466114496,41.42996379838485,0,1
moise kean,Centre-Forward,23.0,23/24,everton,juventus,18000000.0,30000000.0,0.2172,0.1766199999999999,14.663452409290784,29.156223893066,-2,1
mohamed-ali cho,Right Winger,19.0,23/24,real sociedad,nice,8000000.0,10000000.0,0.0,0.0,9.48526921198785,32.07541027558309,0,1
milan djuric,Centre-Forward,33.0,23/24,hellas verona,monza,1000000.0,2300000.0,0.0,0.0,22.40895966925002,43.965474943425534,1,0
gianluca scamacca,Centre-Forward,24.0,23/24,west ham,atalanta,22000000.0,28000000.0,0.0,0.0,11.827387513312576,28.098022834864945,-1,1
giovanni simeone,Centre-Forward,28.0,23/24,hellas verona,napoli,15000000.0,12000000.0,0.1364,0.1581684210526315,10.156605756903453,7.268170426065162,-3,1
ivan cavaleiro,Left Winger,27.0,23/24,fulham,lille,2200000.0,0.0,0.4704,0.2841214035087719,9.05852222892739,34.76500463184411,-2,0
andrea petagna,Centre-Forward,28.0,23/24,napoli,monza,10000000.0,9700000.0,0.4141,0.2933124981946391,24.17618835763038,49.47089947089948,4,0
ludovic blas,Right Winger,25.0,23/24,nantes,rennes jugend,20000000.0,15000000.0,0.0,0.0,45.73427211541889,80.87580061264272,-1,1
alex iwobi,Left Winger,27.0,23/24,everton,fulham,28000000.0,25700000.0,0.0,0.0,58.63841339460585,99.6031746031746,1,1
abde ezzalzouli,Left Winger,21.0,23/24,barcelona,real betis,15000000.0,7500000.0,0.0,0.0,18.141853596626905,47.089947089947096,2,1
lois openda,Centre-Forward,23.0,23/24,lens,leipzig,35000000.0,40000000.0,0.0,0.0,51.80308515165213,75.19493177387915,-4,1
alex sola,Right Winger,25.0,24/25,real sociedad,getafe,4000000.0,1000000.0,0.3845,0.2604877192982456,20.53120028789193,36.93957115009746,0,0
akor adams,Centre-Forward,24.0,24/25,montpellier,sevilla fc,9000000.0,5500000.0,0.0,0.0,22.264038060922413,68.59509885825675,-1,1
yankuba minteh,Right Winger,21.0,24/25,newcastle,brighton,16000000.0,35000000.0,0.0,0.0,27.824933677519564,50.46165366182647,0,1
ryan fraser,Left Winger,25.0,24/25,newcastle,southampton,3000000.0,0.0,0.0,0.0,1.4682825850293688,27.94548670121507,1,0
alexis sanchez,Centre-Forward,35.0,24/25,inter,udinese,2500000.0,0.0,0.0,0.0,21.64798822547649,19.138123085491507,2,1
niclas fullkrug,Centre-Forward,31.0,24/25,dortmund,west ham,15000000.0,27000000.0,0.0,0.0,45.53817991941462,73.34307992202729,2,0
nick woltemade,Centre-Forward,22.0,24/25,werder bremen,stuttgart,4000000.0,0.0,0.0,0.0,17.636826051186713,33.24979114452798,0,1
gift orban,Centre-Forward,22.0,24/25,lyon,hoffenheim,10000000.0,9000000.0,0.0,0.0,2.6449319753706875,13.589529379003062,2,0
nicolo cambiaghi,Left Winger,23.0,24/25,atalanta,bologna,7000000.0,10000000.0,0.3283,0.1195964912280701,24.69584787114627,75.72403230297967,1,1
iker bravo,Centre-Forward,20.0,24/25,leverkusen,udinese,500000.0,600000.0,0.0,0.0,8.961515961337923,33.471647782931704,2,0
iliman ndiaye,Right Winger,24.0,24/25,marseille,everton,15000000.0,18000000.0,0.0,0.0,21.01153144781706,48.80952380952381,2,0
mousa tamari,Right Winger,27.0,24/25,montpellier,rennes jugend,6000000.0,8000000.0,0.0,0.0,18.433474993041823,59.885825675299365,-1,0
moise kean,Centre-Forward,24.0,24/25,juventus,fiorentina,14000000.0,13000000.0,0.0,0.0,2.403279563743945,20.18240044555834,2,1
vitinha,Centre-Forward,24.0,24/25,marseille,genoa,14000000.0,8300000.0,0.2557,0.0,21.47434293630642,33.514341409078256,3,0
antoine joujou,Left Winger,21.0,24/25,le havre,parma,1500000.0,2700000.0,0.0,0.0,8.654928662039081,19.40267335004177,-1,0
anastasios douvikas,Centre-Forward,24.0,24/25,celta vigo,como,5000000.0,14000000.0,0.0,0.0,17.00896842607877,22.57031467557784,2,0
kylian mbappe,Centre-Forward,25.0,24/25,paris sg,real madrid,180000000.0,0.0,0.0,0.0,81.234660786856,63.32497911445281,0,1
omari forson,Right Winger,20.0,24/25,man utd,monza,2000000.0,0.0,0.0,0.0,2.1664056638580376,2.3739905318852688,4,0
khvicha kvaratskhelia,Left Winger,23.0,24/25,napoli,paris sg,85000000.0,70000000.0,0.0,0.0,45.84513357434498,82.31690336953494,0,1
german valera,Right Winger,20.0,24/25,atlético,valencia,2000000.0,25000.0,0.0,0.0,0.1106751992144532,24.19769128675299,2,0
omar marmoush,Centre-Forward,25.0,24/25,frankfurt,man city,60000000.0,75000000.0,0.0,0.0,46.0069384990103,69.38874965190756,-2,1
ismaila sarr,Right Winger,26.0,24/25,marseille,crystal palace,18000000.0,15000000.0,0.0,0.0,19.786030821221413,41.033138401559455,2,1
jaden philogene,Left Winger,22.0,24/25,aston villa,ipswich town,15000000.0,23700000.0,0.2737,0.6003912611717974,0.0,0.0,2,1
milan djuric,Centre-Forward,34.0,24/25,monza,parma,1500000.0,1500000.0,0.0,0.0,25.54608421805748,46.36112456129737,-1,0
tino kadewere,Centre-Forward,28.0,24/25,lyon,nantes,2500000.0,0.0,0.0,0.0,13.929973093693908,29.03091060985798,2,0
arnaud nordin,Right Winger,26.0,24/25,montpellier,mainz,8000000.0,1000000.0,0.0,0.0,21.61126190474216,37.99081035923141,0,0
gabriel strefezza,Right Winger,27.0,24/25,lecce,como,6000000.0,3500000.0,0.375,0.0878035087719298,15.640706271161251,33.50737956001114,0,0
jacob bruun larsen,Left Winger,25.0,24/25,hoffenheim,stuttgart,6000000.0,1700000.0,0.3845,0.1931438596491228,17.049058160661275,39.43887496519076,0,0
tijjani noslin,Right Winger,25.0,24/25,hellas verona,lazio,10000000.0,15900000.0,0.0,0.0,21.55308347756612,42.07741576162629,-2,1
takuma asano,Right Winger,29.0,24/25,vfl bochum,rcd mallorca,4000000.0,0.0,0.0,0.0,16.14503862177321,63.4433305485937,-1,0
steve mounie,Centre-Forward,29.0,24/25,brest,augsburg,6000000.0,0.0,0.0,0.0,22.609450613405915,52.37399053188527,-1,0
assane diao,Left Winger,18.0,24/25,real betis,como,9000000.0,12000000.0,0.0,0.0,7.125831885584282,32.44917850181008,2,1
asier villalibre,Centre-Forward,26.0,24/25,bilbao athletic,alavés,2500000.0,1000000.0,0.0,0.0,8.170784333682063,12.802840434419382,1,0
kelechi iheanacho,Centre-Forward,24.0,24/25,leicester,sevilla fc,12000000.0,0.0,0.0,0.0,2.234813847094576,29.32702697164424,-1,0
marc guiu,Centre-Forward,18.0,24/25,barcelona,chelsea,7500000.0,6000000.0,0.0,0.0,2.0811004448933863,2.3739905318852688,0,0
federico chiesa,Right Winger,26.0,24/25,juventus,liverpool,35000000.0,12000000.0,0.0,0.0,41.09119108368764,65.16986911723754,0,0
pedro neto,Right Winger,24.0,24/25,wolves,chelsea,55000000.0,60000000.0,0.0,0.0,36.108877990288285,45.90643274853801,-3,1
pau victor,Centre-Forward,22.0,24/25,girona,barcelona,1500000.0,5500000.0,0.4003,0.0,8.060752997561885,28.13655078116804,-4,0
jaime mata,Centre-Forward,35.0,24/25,getafe,ud las palmas,900000.0,0.0,0.0,0.0,19.739435991950444,55.27011974380396,2,0
michael olise,Right Winger,22.0,24/25,crystal palace,bayern munich,55000000.0,53000000.0,0.0,0.0,36.41442248052108,37.20412141464773,-2,1
artem dovbyk,Centre-Forward,27.0,24/25,girona,roma,35000000.0,30500000.0,0.0,0.0,56.80985999955675,80.0682261208577,-4,0
ben brereton diaz,Centre-Forward,25.0,24/25,villarreal,southampton,8000000.0,8300000.0,0.4158,0.0,22.77411770666521,41.29072681704261,2,0
serhou guirassy,Centre-Forward,28.0,24/25,stuttgart,dortmund,40000000.0,18000000.0,0.0,0.0,72.08441386637634,65.30214424951268,-2,1
ayoze perez,Centre-Forward,31.0,24/25,real betis,villarreal,7000000.0,4000000.0,0.0,0.0,36.97228928285012,71.88805346700083,-1,1
bobby de cordova-reid,Right Winger,31.0,24/25,fulham,leicester,5000000.0,0.0,0.0,0.0,19.747101441834893,43.26789195210248,-1,0
ermedin demirovic,Centre-Forward,26.0,24/25,augsburg,stuttgart,28000000.0,23000000.0,0.0,0.0,50.65341156214164,65.67329387346669,0,1
eren dinkci,Right Winger,22.0,24/25,werder bremen,freiburg,12000000.0,5000000.0,0.3369,0.0783491228070175,41.506243018835626,82.30994152046783,0,0
cameron archer,Centre-Forward,23.0,24/25,aston villa,southampton,13000000.0,17600000.0,0.3561,0.0,17.06153824234307,54.615705931495405,1,1
juanmi latasa,Centre-Forward,23.0,24/25,real madrid,real valladolid,2800000.0,2500000.0,0.0,0.0,11.25517081996022,42.62043998886105,4,0
enes unal,Centre-Forward,27.0,24/25,getafe,bournemouth,18000000.0,16500000.0,0.3125,0.7349789473684211,8.978112530240804,10.82567529935951,1,1
julian alvarez,Centre-Forward,24.0,24/25,man city,atlético,90000000.0,75000000.0,0.0,0.0,61.440194982555056,79.67836257309942,0,1
maroan sannadi,Centre-Forward,24.0,24/25,alavés,bilbao athletic,400000.0,3000000.0,0.0,0.0,6.821981135915345,34.52984884113277,-1,0
marko arnautovic,Centre-Forward,35.0,24/25,bologna,inter,4000000.0,10900000.0,0.2699,0.6123209316394435,18.5706861964588,35.220618976347346,-2,0
jamie leweling,Right Winger,23.0,24/25,union berlin,stuttgart,9000000.0,5000000.0,0.1847,0.0,23.51235143924244,44.72291840712893,-2,0
dominic solanke,Centre-Forward,26.0,24/25,bournemouth,tottenham,40000000.0,64300000.0,0.0,0.0,55.473865768467306,97.4937343358396,-2,1
maximilian philipp,Centre-Forward,30.0,24/25,wolfsburg,freiburg,2000000.0,1000000.0,0.4568,0.4698280701754386,3.921018751525114,6.0776942355889725,0,0
maximilian beier,Centre-Forward,21.0,24/25,hoffenheim,dortmund,30000000.0,28500000.0,0.1364,0.0474736842105263,42.56084247546733,73.73990531885268,-2,1
matias soule,Right Winger,21.0,24/25,juventus,roma,25000000.0,25600000.0,0.2926,0.0,63.72338323474724,93.26789195210247,0,1
raul moro,Left Winger,22.0,24/25,lazio,real valladolid,2500000.0,2500000.0,0.0,0.0,41.32240290708792,57.854363832314434,3,0
duvan zapata,Centre-Forward,33.0,24/25,atalanta,torino,8000000.0,8600000.0,0.3665,0.2206827067669172,41.43133209245432,91.2837649679755,1,0
elye wahi,Centre-Forward,21.0,24/25,marseille,frankfurt,25000000.0,26000000.0,0.0,0.0,24.271275466682965,51.44806460595935,2,1
elye wahi,Centre-Forward,21.0,24/25,lens,marseille,35000000.0,27000000.0,0.0,0.0,24.271275466682965,51.44806460595935,-4,0
eddie nketiah,Centre-Forward,25.0,24/25,arsenal,crystal palace,30000000.0,29700000.0,0.2727,0.0608719298245614,15.469232867912678,29.03091060985798,2,1
donyell malen,Right Winger,25.0,24/25,dortmund,aston villa,28000000.0,25000000.0,0.0,0.0,26.85066035696804,53.822055137844615,2,1
scott banks,Right Winger,23.0,24/25,crystal palace,st. pauli,300000.0,400000.0,0.3646,0.7602790609617569,0.5470558343036989,25.15301168651784,2,0
matthis abline,Centre-Forward,21.0,24/25,rennes jugend,nantes,6000000.0,10000000.0,0.0,0.0,17.155643843133596,31.13338902812587,1,0
said benrahma,Left Winger,28.0,24/25,west ham,lyon,20000000.0,14400000.0,0.3732,0.0,30.234798020707363,40.10721247563353,-2,0
mason greenwood,Right Winger,22.0,24/25,man utd,marseille,25000000.0,26000000.0,0.0,0.0,39.561352442956775,78.62712336396547,0,1
mathis lambourde,Centre-Forward,18.0,24/25,rennes jugend,hellas verona,500000.0,0.0,0.0,0.0,0.0,0.1322751322751323,2,0
robert navarro,Right Winger,22.0,24/25,real sociedad,rcd mallorca,6000000.0,850000.0,0.0,0.0,26.639456681859176,59.356725146198826,1,0
romelu lukaku,Centre-Forward,31.0,24/25,chelsea,napoli,30000000.0,30000000.0,0.2408,0.3486035087719298,39.009357704989526,78.23029796714007,0,1
deniz undav,Centre-Forward,28.0,24/25,brighton,stuttgart,25000000.0,26700000.0,0.2614,0.2199889137737961,68.48672386330381,60.95098858256753,0,0
ruben vargas,Left Winger,25.0,24/25,augsburg,sevilla fc,7000000.0,2500000.0,0.0,0.0,28.21530239188924,61.7307156780841,-1,1
che adams,Centre-Forward,28.0,24/25,southampton,torino,15000000.0,0.0,0.0,0.0,30.820926141193745,62.42520451426622,-1,1
jordan ayew,Centre-Forward,32.0,24/25,crystal palace,leicester,4000000.0,5900000.0,0.0,0.0,33.497921737699286,76.90754664438874,0,0
joshua zirkzee,Centre-Forward,23.0,24/25,bologna,man utd,50000000.0,42500000.0,0.0,0.0,47.28445269640947,82.71372876636033,-2,0
joao felix,Centre-Forward,24.0,24/25,atlético,chelsea,30000000.0,52000000.0,0.0,0.0,30.76080710488612,46.303258145363415,0,0
joselu,Centre-Forward,34.0,24/25,espanyol,real madrid,5000000.0,1500000.0,0.2557,0.1730526315789473,24.47541240359368,44.4722918407129,-2,1
mateo retegui,Centre-Forward,25.0,24/25,genoa,atalanta,16000000.0,20900000.0,0.0,0.0,18.789105174452605,66.75020885547201,-2,1
alexander srloth,Centre-Forward,28.0,24/25,villarreal,atlético,25000000.0,32000000.0,0.0,0.0,58.50156066177904,60.02955489639438,-1,0
andrea belotti,Centre-Forward,30.0,24/25,roma,como,5000000.0,4500000.0,0.3381,0.2773852631578948,19.16335152225924,46.310219994430526,4,0
lewis dobbin,Left Winger,19.0,24/25,everton,aston villa,2500000.0,11800000.0,0.0,0.0,0.1106751992144532,23.918443785283262,0,1
luis rioja,Left Winger,30.0,24/25,alavés,valencia,4000000.0,1200000.0,0.0,0.0,38.114835598695,77.56196045669729,-1,0
hugo ekitike,Centre-Forward,22.0,24/25,paris sg,frankfurt,20000000.0,31500000.0,0.0,0.0,13.70502185486849,19.924812030075188,2,1
amath ndiaye,Right Winger,27.0,24/25,rcd mallorca,real valladolid,1500000.0,2000000.0,0.0,0.0,28.606255635240416,46.87552785347845,1,0
adam hlozek,Centre-Forward,22.0,24/25,leverkusen,hoffenheim,12000000.0,18000000.0,0.0,0.0,10.098938166257197,30.19416394989232,2,1
alvaro morata,Centre-Forward,31.0,24/25,atlético,ac milan,16000000.0,13000000.0,0.0,0.0,35.07416151627976,55.673906989696455,0,0
fabian delph,Central Midfield,29.0,19/20,man city,everton,15000000.0,9500000.0,0.0,0.0,42.9474064400059,44.58258159750697,-2,0
nabil fekir,Attacking Midfield,25.0,19/20,lyon,real betis,60000000.0,19750000.0,0.0,0.0,58.045388192678,59.38166311300641,-2,1
nadiem amiri,Central Midfield,21.0,19/20,hoffenheim,leverkusen,17000000.0,10500000.0,0.0,0.0,31.754038574320766,23.29424307036248,2,0
aaron ramsey,Central Midfield,27.0,19/20,arsenal,juventus,40000000.0,0.0,0.0,0.0,42.21440070095735,49.11158493248046,0,0
adrien rabiot,Central Midfield,23.0,19/20,paris sg,juventus,35000000.0,0.0,0.0,0.0,49.47112851765314,28.71357498223171,0,1
yan eteki,Defensive Midfield,21.0,19/20,sevilla fc,granada,1000000.0,1000000.0,0.0,0.0,29.0697392464102,25.47352523098792,-2,0
flavien tait,Central Midfield,25.0,19/20,angers,rennes jugend,8000000.0,9000000.0,0.0,0.0,70.06270555390883,81.52096659559348,2,0
renato sanches,Central Midfield,20.0,19/20,bayern munich,lille,18000000.0,20000000.0,0.3362,0.3811754385964912,29.3857124239727,25.568585643212515,-1,1
pedro obiang,Central Midfield,26.0,19/20,west ham,sassuolo,7000000.0,7750000.0,0.0,0.0,38.80474159120433,41.48898365316276,0,1
amadou diawara,Defensive Midfield,21.0,19/20,napoli,roma,15000000.0,21000000.0,0.0,0.0,33.98352800823558,21.926083866382378,0,0
ander herrera,Central Midfield,28.0,19/20,man utd,paris sg,25000000.0,0.0,0.0,0.0,53.37571888030972,42.96375266524521,0,1
ander iturraspe,Defensive Midfield,29.0,19/20,bilbao athletic,espanyol,2500000.0,0.0,0.0,0.0,23.38262216457896,2.309879175550818,0,0
manuel locatelli,Defensive Midfield,20.0,19/20,ac milan,sassuolo,12000000.0,14000000.0,0.0,0.0,54.89740990634331,57.39161336176262,-2,1
lukas lerager,Central Midfield,25.0,19/20,g. bordeaux,genoa,6000000.0,6000000.0,0.0,0.0,56.16967717277596,68.92324093816632,-1,0
lukas rupp,Attacking Midfield,28.0,19/20,hoffenheim,norwich,3000000.0,500000.0,0.0,0.0,36.86952524077424,37.983420336739954,-2,0
valentin rongier,Central Midfield,23.0,19/20,nantes,marseille,15000000.0,13000000.0,0.0,0.0,82.51836735476964,84.75479744136462,2,1
douglas luiz,Central Midfield,20.0,19/20,man city,aston villa,2500000.0,16800000.0,0.0,0.0,41.4361554129486,45.39800995024876,-2,1
franck kessie,Central Midfield,21.0,19/20,atalanta,ac milan,33000000.0,32000000.0,0.0,0.0,67.50214899016558,79.5131485429993,1,1
roberto soriano,Attacking Midfield,27.0,19/20,villarreal,bologna,7000000.0,8000000.0,0.3943,0.1640350877192982,45.41379735516239,57.69367448471928,-1,1
antonin bobichon,Central Midfield,22.0,19/20,nîmes,angers,5000000.0,1500000.0,0.0,0.0,46.483317393360345,62.810945273631845,1,0
kevin-prince boateng,Attacking Midfield,31.0,19/20,sassuolo,fiorentina,7000000.0,1500000.0,0.2273,0.3150219394640447,41.72078099863134,44.46005901229782,0,0
khephren thuram,Central Midfield,17.0,19/20,monaco,nice,500000.0,0.0,0.0,0.0,36.33974761947033,21.65245202558636,-1,1
andre gomes,Central Midfield,25.0,19/20,barcelona,everton,28000000.0,25000000.0,0.2386,0.281379386585275,50.24477889306594,56.87633262260129,-2,0
teji savanier,Attacking Midfield,26.0,19/20,nîmes,montpellier,12000000.0,9500000.0,0.0,0.0,85.02026282558423,75.0177683013504,2,1
filippo costa,Left Midfield,24.0,19/20,spal,napoli,800000.0,1450000.0,0.0,0.0,46.38068662544193,45.860250983886544,4,0
pablo fornals,Central Midfield,22.0,19/20,villarreal,west ham,25000000.0,28000000.0,0.0,0.0,55.13440996676494,73.24093816631131,-1,1
denis suarez,Attacking Midfield,24.0,19/20,barcelona,celta vigo,12000000.0,12900000.0,0.1727,0.6564052631578947,19.102095023544152,5.756929637526652,-2,1
dennis praet,Central Midfield,24.0,19/20,sampdoria,leicester,24000000.0,19200000.0,0.0,0.0,68.54382343127611,77.771855010661,0,1
diego demme,Defensive Midfield,26.0,19/20,leipzig,napoli,17000000.0,10250000.0,0.0,0.0,65.0483780820259,56.680881307746986,0,0
darko lazovic,Left Midfield,28.0,19/20,genoa,hellas verona,3000000.0,0.0,0.0,0.0,43.37625509870588,41.30312722103768,0,0
kerem demirbay,Central Midfield,25.0,19/20,hoffenheim,leverkusen,32000000.0,32000000.0,0.0,0.0,67.96142796488859,56.18336886993604,2,0
mateo kovacic,Central Midfield,24.0,19/20,real madrid,chelsea,35000000.0,45000000.0,0.1023,0.4257460023647899,64.82208957770786,59.47050461975836,0,1
dejan kulusevski,Attacking Midfield,18.0,19/20,atalanta,juventus,25000000.0,39000000.0,0.0,0.0,12.903640243809516,2.4342572850035538,1,0
giovani lo celso,Attacking Midfield,22.0,19/20,paris sg,real betis,50000000.0,22000000.0,0.0,0.0,63.85095452935662,69.98933901918979,-2,1
rodri,Defensive Midfield,22.0,19/20,atlético,man city,80000000.0,70000000.0,0.0,0.0,70.77604697216219,75.65742714996448,0,1
julian brandt,Attacking Midfield,22.0,19/20,leverkusen,dortmund,50000000.0,25000000.0,0.0,0.0,73.24993432750364,73.4719260838664,0,1
thorgan hazard,Attacking Midfield,25.0,19/20,mönchengladbach,dortmund,38000000.0,25500000.0,0.0,0.0,69.0010972833148,76.33262260127933,2,1
aurelien tchouameni,Defensive Midfield,18.0,19/20,g. bordeaux,monaco,14000000.0,18000000.0,0.0,0.0,29.50322390100136,18.976545842217487,1,1
julius kade,Central Midfield,20.0,19/20,hertha bsc,union berlin,400000.0,0.0,0.0,0.0,27.947916199790505,25.55781124771281,-2,0
stefan ilsanker,Defensive Midfield,29.0,19/20,leipzig,frankfurt,3000000.0,500000.0,0.0,0.0,34.14353894795263,32.92466240227434,-2,0
stefano sturaro,Central Midfield,25.0,19/20,juventus,genoa,10000000.0,16500000.0,0.4132,0.681527220112136,10.306338601003183,6.307746979388771,-3,0
sung-yueng ki,Defensive Midfield,30.0,19/20,newcastle,rcd mallorca,4500000.0,0.0,0.0,0.0,45.68108586181248,44.58258159750697,-1,1
jordan ferri,Central Midfield,26.0,19/20,lyon,montpellier,4000000.0,2000000.0,0.0,0.0,56.47865918036047,58.19118692253022,-2,0
tanguy ndombele,Central Midfield,21.0,19/20,lyon,tottenham,65000000.0,62000000.0,0.0,0.0,81.19793299713476,75.03553660270079,-1,0
mattia valoti,Central Midfield,24.0,19/20,hellas verona,spal,1000000.0,3000000.0,0.4435,0.3218954627949183,35.96338968656954,42.85714285714286,-1,0
jonathan schmid,Right Midfield,29.0,19/20,augsburg,freiburg,5000000.0,4000000.0,0.0,0.0,36.97884395440966,37.983420336739954,0,1
sofyan amrabat,Defensive Midfield,22.0,19/20,hellas verona,fiorentina,10000000.0,19500000.0,0.0,0.0,27.579201267246336,25.838149478173047,1,1
stanislav lobotka,Defensive Midfield,23.0,19/20,celta vigo,napoli,20000000.0,24000000.0,0.0,0.0,54.009141634706296,68.72778962331202,2,1
ruben pardo,Central Midfield,25.0,19/20,real sociedad,g. bordeaux,3000000.0,0.0,0.0,0.0,45.859472639724494,44.84719260838664,0,0
habib maiga,Defensive Midfield,22.0,19/20,saint-étienne,fc mtz,1000000.0,1000000.0,0.0,0.0,34.58356755163369,21.65245202558636,-2,0
nemanja radoja,Defensive Midfield,26.0,19/20,celta vigo,levante,3000000.0,0.0,0.0,0.0,39.13103994367391,45.21422737060964,-1,0
mehdi abeid,Central Midfield,25.0,19/20,dijon,nantes,1750000.0,0.0,0.0,0.0,50.24702052316816,56.30774697938878,2,1
joelinton,Central Midfield,21.0,19/20,hoffenheim,newcastle,35000000.0,43500000.0,0.0,0.0,38.37582196855857,60.181236673774,0,1
ryad boudebouz,Attacking Midfield,28.0,19/20,real betis,saint-étienne,6000000.0,3500000.0,0.0,0.0,36.72454456917282,38.59275053304905,0,0
miguel veloso,Defensive Midfield,32.0,19/20,genoa,hellas verona,1000000.0,0.0,0.0,0.0,39.80691033933952,39.78322672352524,0,0
jean-philippe gbamin,Defensive Midfield,22.0,19/20,mainz,everton,28000000.0,25000000.0,0.0,0.0,56.82366407659913,71.21535181236675,0,1
jeff reine-adelaide,Attacking Midfield,20.0,19/20,angers,lyon,11000000.0,25000000.0,0.0,0.0,53.2477086888217,74.36034115138594,3,0
jacopo sala,Central Midfield,27.0,19/20,sampdoria,spal,1600000.0,0.0,0.0,0.0,39.65041640015448,41.30312722103768,-2,0
jakub jankto,Left Midfield,22.0,19/20,udinese,sampdoria,12000000.0,14500000.0,0.3107,0.0575473684210526,35.355165823508855,40.4406538734897,0,1
james mccarthy,Central Midfield,28.0,19/20,everton,crystal palace,5000000.0,3300000.0,0.0,0.0,42.32747855250459,44.58258159750697,0,0
michael cuisance,Central Midfield,19.0,19/20,mönchengladbach,bayern munich,5000000.0,8000000.0,0.0,0.0,27.947916199790505,25.55781124771281,2,0
bruno jordao,Defensive Midfield,19.0,19/20,lazio,wolves,1000000.0,8900000.0,0.0,0.0,12.778486344536333,2.185501066098081,-2,0
bryan cristante,Defensive Midfield,23.0,19/20,atalanta,roma,25000000.0,30600000.0,0.0682,0.0,62.07429648294746,72.49466950959489,1,1
ibrahima diallo,Defensive Midfield,19.0,19/20,monaco,brest,2500000.0,2000000.0,0.0,0.0,29.17034884639592,21.65245202558636,-2,0
idrissa gueye,Defensive Midfield,29.0,19/20,everton,paris sg,25000000.0,30000000.0,0.0,0.0,45.68108586181248,44.58258159750697,2,1
sebastian rode,Central Midfield,27.0,19/20,dortmund,frankfurt,3000000.0,4000000.0,0.0,0.0,37.54446588741638,24.46695095948828,-2,1
christian eriksen,Attacking Midfield,26.0,19/20,tottenham,inter,90000000.0,27000000.0,0.0,0.0,77.12503998286296,77.34541577825162,1,1
erick pulgar,Defensive Midfield,24.0,19/20,bologna,fiorentina,10000000.0,12300000.0,0.0,0.0,67.47652412800248,63.290689410092405,0,1
edimilson fernandes,Defensive Midfield,22.0,19/20,west ham,mainz,8000000.0,7500000.0,0.0,0.0,45.47953375025651,59.13290689410093,0,0
lucas tousart,Central Midfield,21.0,19/20,lyon,hertha bsc,20000000.0,25000000.0,0.0,0.0,49.96787966574889,56.96517412935323,-2,0
alessandro murgia,Central Midfield,21.0,19/20,lazio,spal,5000000.0,4000000.0,0.3097,0.2288,33.91020563958048,31.34328358208956,-3,0
paul lasne,Central Midfield,29.0,19/20,montpellier,brest,2500000.0,0.0,0.0,0.0,47.56926307714922,63.78820184790335,-1,0
yassine benzia,Attacking Midfield,23.0,19/20,lille,dijon,1000000.0,1500000.0,0.0,0.0,37.17042355064879,33.6741616592363,-3,0
youri tielemans,Central Midfield,21.0,19/20,monaco,leicester,38000000.0,45000000.0,0.0,0.0,70.9119111121507,74.8400852878465,-1,1
luca cigarini,Defensive Midfield,34.0,20/21,cagliari,crotone,800000.0,0.0,0.0,0.0,55.14446882055075,45.70007107320541,-1,0
lucas da cunha,Central Midfield,19.0,20/21,rennes jugend,nice,1800000.0,1000000.0,0.0,0.0,26.270653746777363,0.7462686567164181,-1,0
yassine benrahou,Attacking Midfield,20.0,20/21,g. bordeaux,nîmes,2700000.0,1500000.0,0.0,0.0,17.955593488119746,28.03837953091685,-2,0
pierre-emile hjbjerg,Defensive Midfield,24.0,20/21,southampton,tottenham,20000000.0,16600000.0,0.0,0.0,47.04620386992064,53.545871425650624,2,1
sami khedira,Central Midfield,32.0,20/21,juventus,hertha bsc,2000000.0,0.0,0.0,0.0,27.901707513999167,21.1087420042644,-2,0
james rodriguez,Attacking Midfield,28.0,20/21,real madrid,everton,32000000.0,0.0,0.1136,0.6483645989974938,29.067873211602127,12.739872068230278,-2,0
miralem pjanic,Central Midfield,30.0,20/21,juventus,barcelona,45000000.0,60000000.0,0.0,0.0,71.61651957938071,64.55223880597015,0,0
bryan dabo,Central Midfield,27.0,20/21,fiorentina,benevento,2000000.0,500000.0,0.3864,0.1216947368421052,35.28289555155275,31.96517412935324,-2,0
ibrahima diallo,Defensive Midfield,20.0,20/21,brest,southampton,15000000.0,12000000.0,0.0,0.0,40.03914273236705,41.50675195451316,0,1
morgan sanson,Central Midfield,24.0,20/21,marseille,aston villa,20000000.0,15800000.0,0.0,0.0,56.02019451229422,59.48827292110875,-2,0
morgan schneiderlin,Defensive Midfield,29.0,20/21,everton,nice,9500000.0,2230000.0,0.0,0.0,37.74981724716261,29.033404406538736,0,0
ivan rakitic,Central Midfield,32.0,20/21,barcelona,sevilla fc,20000000.0,3500000.0,0.0,0.0,54.21087315964691,56.28997867803839,-1,1
seko fofana,Central Midfield,25.0,20/21,udinese,lens,9500000.0,8500000.0,0.0,0.0,50.94602853497004,66.56005685856432,-2,1
mijat gacinovic,Attacking Midfield,25.0,20/21,frankfurt,hoffenheim,7000000.0,3000000.0,0.0,0.0,27.401632541637102,39.17910447761194,0,0
milan badelj,Defensive Midfield,30.0,20/21,lazio,genoa,2000000.0,1950000.0,0.3381,0.0760526315789473,51.65508015819999,45.45131485429994,-2,1
jean-victor makengo,Central Midfield,21.0,20/21,nice,udinese,3600000.0,3500000.0,0.3334,0.0,28.79320419452531,33.67093105899077,0,0
jeff hendrick,Central Midfield,28.0,20/21,burnley,newcastle,9000000.0,0.0,0.0,0.0,36.448641599507226,52.68301350390903,1,0
simone muratore,Central Midfield,22.0,20/21,juventus,atalanta,500000.0,7000000.0,0.0,0.0,25.64468235959081,4.371002132196163,-1,0
simone verdi,Attacking Midfield,27.0,20/21,napoli,torino,13000000.0,22000000.0,0.2614,0.35446117467582,45.86752004255394,65.2629708599858,-2,0
maxime gonalons,Defensive Midfield,30.0,20/21,roma,granada,2800000.0,4000000.0,0.3658,0.5436309029454369,40.27240627218311,40.76048329779673,-3,0
dale stephens,Central Midfield,31.0,20/21,brighton,burnley,4800000.0,1100000.0,0.0,0.0,65.24061959409082,71.60625444207535,-1,0
rolando mandragora,Defensive Midfield,22.0,20/21,udinese,juventus,12000000.0,15000000.0,0.0,0.0,57.77304318338759,56.680881307746986,2,0
henrikh mkhitaryan,Central Midfield,30.0,20/21,arsenal,roma,20000000.0,0.0,0.2131,0.376472867099255,51.23675256450563,44.70504619758351,0,1
borja valero,Central Midfield,34.0,20/21,inter,fiorentina,1200000.0,0.0,0.0,0.0,36.41700793230464,32.800284292821615,-2,0
sofiane boufal,Attacking Midfield,25.0,20/21,southampton,angers,8000000.0,0.0,0.1932,0.3902304798139929,19.150276425961884,31.751954513148544,0,1
dani parejo,Central Midfield,31.0,20/21,valencia,villarreal,20000000.0,2250000.0,0.0,0.0,43.85401463809271,49.71274579483536,1,1
harrison reed,Central Midfield,24.0,20/21,southampton,fulham,2400000.0,6500000.0,0.387,0.4582,45.889360752284944,53.545871425650624,0,0
stefano sensi,Central Midfield,23.0,20/21,sassuolo,inter,20000000.0,25000000.0,0.221,0.6543104958929116,34.702481267060804,21.60625444207534,2,1
steven zuber,Attacking Midfield,27.0,20/21,hoffenheim,frankfurt,4500000.0,3000000.0,0.0,0.0,39.40967003351313,40.36802204516266,0,0
baptiste santamaria,Defensive Midfield,24.0,20/21,angers,freiburg,7000000.0,10000000.0,0.0,0.0,65.39694702746864,65.2807391613362,1,1
jordan veretout,Central Midfield,26.0,20/21,fiorentina,roma,24000000.0,17500000.0,0.125,0.0,69.40693302863801,72.97441364605545,2,1
artur ionita,Central Midfield,29.0,20/21,cagliari,benevento,2500000.0,1500000.0,0.0,0.0,47.39786454703238,64.09026297086,-1,0
arturo vidal,Central Midfield,33.0,20/21,barcelona,inter,11000000.0,1000000.0,0.0,0.0,55.50369724510219,59.7903340440654,0,0
thiago alcantara,Central Midfield,29.0,20/21,bayern munich,liverpool,48000000.0,22000000.0,0.0,0.0,68.15462008164675,50.44420753375977,0,0
geoffrey kondogbia,Defensive Midfield,27.0,20/21,valencia,atlético,17500000.0,16000000.0,0.0,0.0,56.91979234676942,54.513148542999296,2,1
nicolo barella,Central Midfield,22.0,20/21,cagliari,inter,50000000.0,32500000.0,0.0597,0.2162368421052631,33.7940244222011,31.225157282371217,3,1
nicolo rovella,Defensive Midfield,18.0,20/21,genoa,juventus,4000000.0,26000000.0,0.0,0.0,23.898943623914256,1.2437810945273633,3,0
romain philippoteaux,Left Midfield,32.0,20/21,nîmes,brest,800000.0,500000.0,0.0,0.0,42.79754814018195,57.125088841506766,1,0
roque mesa,Central Midfield,30.0,20/21,sevilla fc,real valladolid,5500000.0,0.0,0.0,0.0,52.618483679287046,59.754797441364616,-3,0
david silva,Attacking Midfield,34.0,20/21,man city,real sociedad,12000000.0,0.0,0.0,0.0,67.23281783341989,54.76190476190477,-2,1
giovani lo celso,Attacking Midfield,23.0,20/21,real betis,tottenham,40000000.0,32000000.0,0.0,0.0,51.15632086578131,51.35039090262973,1,0
thomas partey,Defensive Midfield,27.0,20/21,atlético,arsenal,40000000.0,50000000.0,0.0,0.0,74.31384808775925,74.23596304193319,0,1
arthur melo,Defensive Midfield,23.0,20/21,barcelona,juventus,56000000.0,80600000.0,0.0,0.0,50.78696412920347,38.66382373845062,0,0
tobias strobl,Defensive Midfield,29.0,20/21,mönchengladbach,augsburg,3500000.0,0.0,0.0,0.0,31.2352401867943,17.732764747690123,0,0
francesco cassata,Central Midfield,22.0,20/21,sassuolo,genoa,2500000.0,7000000.0,0.3062,0.3229480796586059,40.0540183982519,46.090973702914,-1,0
francis coquelin,Defensive Midfield,29.0,20/21,valencia,villarreal,14000000.0,7100000.0,0.0,0.0,47.513641422765545,54.69083155650321,1,0
giacomo bonaventura,Attacking Midfield,30.0,20/21,ac milan,fiorentina,7000000.0,0.0,0.0,0.0,40.475161996460805,50.426439232409386,-2,0
mario pasalic,Central Midfield,25.0,20/21,chelsea,atalanta,25000000.0,14500000.0,0.2725,0.0,64.85135036893496,72.49466950959489,-1,1
marko rog,Central Midfield,23.0,20/21,napoli,cagliari,13000000.0,15000000.0,0.2551,0.2103894736842105,63.44460200450276,65.0497512437811,-3,0
karol linetty,Central Midfield,25.0,20/21,sampdoria,torino,10000000.0,7500000.0,0.0,0.0,45.92142330656591,58.564321250888426,0,0
kevin volland,Attacking Midfield,27.0,20/21,leverkusen,monaco,28000000.0,11000000.0,0.0,0.0,40.7850385189192,40.36802204516266,-1,1
angel gomes,Attacking Midfield,19.0,20/21,man utd,lille,3600000.0,0.0,0.0,0.0,21.07160445792174,0.0,-1,1
vincent pajot,Defensive Midfield,28.0,20/21,angers,fc mtz,1600000.0,700000.0,0.0,0.0,29.66642906878,21.55294953802417,-1,0
allan,Defensive Midfield,22.0,20/21,napoli,everton,28000000.0,24600000.0,0.0,0.0,47.79628473977938,42.41293532338309,-2,0
manolo portanova,Attacking Midfield,20.0,20/21,juventus,genoa,1000000.0,12250000.0,0.0,0.0,31.622322201411063,31.225157282371217,-3,0
kevin n'doram,Defensive Midfield,23.0,20/21,monaco,fc mtz,2800000.0,4500000.0,0.0,0.0,43.27509605101775,43.94100923951671,-3,0
vlad chiriches,Defensive Midfield,29.0,20/21,napoli,sassuolo,5000000.0,9500000.0,0.3239,0.8973777777777777,50.73649678361049,46.87611051883441,-2,1
lucas paqueta,Attacking Midfield,21.0,20/21,ac milan,lyon,20000000.0,23000000.0,0.0,0.0,34.25047309392072,41.240227434257285,0,1
leonardo bittencourt,Central Midfield,25.0,20/21,hoffenheim,werder bremen,4800000.0,7000000.0,0.3646,0.1847012204424103,45.45969903905439,58.01350390902631,0,0
rafinha,Attacking Midfield,26.0,20/21,barcelona,paris sg,9500000.0,1500000.0,0.0,0.0,64.13143378754125,67.18194740582801,0,0
emmanuel badu,Central Midfield,28.0,20/21,udinese,hellas verona,850000.0,800000.0,0.4669,0.7348686131386862,47.67974452975982,46.87611051883441,-1,0
alfred duncan,Central Midfield,26.0,20/21,sassuolo,fiorentina,15000000.0,15000000.0,0.25,0.3336561403508771,45.61508014227704,52.20326936744848,0,1
alberto grassi,Defensive Midfield,24.0,20/21,napoli,parma,5500000.0,8450000.0,0.4422,0.5480400931529581,26.59944155542662,25.24875621890548,-3,0
adam lallana,Attacking Midfield,31.0,20/21,liverpool,brighton,9500000.0,0.0,0.0,0.0,26.008207667862845,20.45131485429993,-2,1
oscar rodriguez,Attacking Midfield,22.0,20/21,real madrid,sevilla fc,15000000.0,13500000.0,0.0,0.0,29.023569737566515,27.56814518954524,-1,0
adrien silva,Central Midfield,31.0,20/21,leicester,sampdoria,8000000.0,0.0,0.0,0.0,44.88656396690602,40.47619047619048,0,0
adrien tameze,Defensive Midfield,26.0,20/21,nice,hellas verona,4500000.0,3900000.0,0.1761,0.0,38.15043923927224,25.302061122956648,-1,0
abdoulaye toure,Defensive Midfield,26.0,21/22,nantes,genoa,4000000.0,3500000.0,0.0,0.0,45.79453679916462,55.152807391613365,-1,0
pierre lees-melou,Defensive Midfield,27.0,21/22,nice,norwich,7000000.0,3900000.0,0.0,0.0,59.31674534335017,60.3766879886283,-2,0
emiliano buendia,Attacking Midfield,24.0,21/22,norwich,aston villa,35000000.0,38400000.0,0.0,0.0,39.18013355108428,48.30231957097629,2,1
luka ilic,Attacking Midfield,20.0,21/22,man city,troyes,800000.0,150000.0,0.0,0.0,38.558284162359726,43.97654584221749,-4,0
yacine adli,Defensive Midfield,20.0,21/22,g. bordeaux,ac milan,9000000.0,9000000.0,0.0,0.0,69.72039791893936,72.49466950959489,2,0
xherdan shaqiri,Attacking Midfield,28.0,21/22,liverpool,lyon,12000000.0,6000000.0,0.0,0.0,30.070304173912973,21.748400852878465,0,0
will hughes,Central Midfield,25.0,21/22,watford,crystal palace,7000000.0,7000000.0,0.0,0.0,53.44675004992061,59.95024875621891,2,1
lazar samardzic,Attacking Midfield,19.0,21/22,leipzig,udinese,3000000.0,3000000.0,0.0,0.0,19.4273863885447,8.43994314143568,-2,0
lassana coulibaly,Central Midfield,24.0,21/22,angers,salernitana,2000000.0,0.0,0.0,0.0,43.82413790580908,55.152807391613365,-1,0
rani khedira,Defensive Midfield,26.0,21/22,augsburg,union berlin,5000000.0,0.0,0.0,0.0,38.01606946058918,54.63752665245204,-2,0
eduardo camavinga,Central Midfield,17.0,21/22,rennes jugend,real madrid,55000000.0,31000000.0,0.0,0.0,68.68269440894295,72.24591329068942,1,1
pape matar sarr,Central Midfield,17.0,21/22,fc mtz,tottenham,10000000.0,16900000.0,0.0,0.0,48.83220639714719,45.575692963752665,3,1
marcel sabitzer,Central Midfield,26.0,21/22,leipzig,bayern munich,42000000.0,15000000.0,0.0,0.0,58.72100044788413,57.49822316986496,0,0
toma basic,Central Midfield,23.0,21/22,g. bordeaux,lazio,9000000.0,7100000.0,0.0,0.0,52.54926502170902,73.79175550817342,1,0
tobias raschl,Central Midfield,21.0,21/22,dortmund,greuther fürth,600000.0,100000.0,0.0,0.0,26.40259776885048,32.15744306187613,-4,0
marco richter,Attacking Midfield,22.0,21/22,augsburg,hertha bsc,5000000.0,7100000.0,0.0,0.0,23.761722043303163,51.42146410803127,0,0
martin degaard,Attacking Midfield,21.0,21/22,real madrid,arsenal,40000000.0,35000000.0,0.3707,0.6268115170278639,37.26557821840133,37.54442075337598,0,1
mario lemina,Defensive Midfield,26.0,21/22,southampton,nice,10000000.0,5500000.0,0.4072,0.5169164912280702,45.492716496924245,54.21108742004265,1,0
antonin barak,Attacking Midfield,25.0,21/22,udinese,hellas verona,14000000.0,6000000.0,0.3602,0.1458210526315789,55.969315188723066,76.0305614783227,-1,0
denis zakaria,Defensive Midfield,23.0,21/22,mönchengladbach,juventus,27000000.0,11350000.0,0.0,0.0,39.69746856349401,46.783937455579256,2,1
dele alli,Attacking Midfield,24.0,21/22,tottenham,everton,25000000.0,0.0,0.0,0.0,26.503206838043223,23.80952380952381,-1,0
thomas delaney,Central Midfield,28.0,21/22,dortmund,sevilla fc,15000000.0,6000000.0,0.0,0.0,42.586934918311286,38.96588486140725,-1,1
davide zappacosta,Right Midfield,28.0,21/22,chelsea,atalanta,8000000.0,9000000.0,0.3062,0.4972390804597701,49.25567592604661,48.69254915896708,-1,1
georginio wijnaldum,Central Midfield,29.0,21/22,liverpool,paris sg,30000000.0,0.0,0.0,0.0,59.643348544315785,83.28002842928217,0,0
batista mendy,Defensive Midfield,21.0,21/22,nantes,angers,500000.0,0.0,0.0,0.0,33.12483849192289,33.33523091891445,-1,0
baptiste santamaria,Defensive Midfield,25.0,21/22,freiburg,rennes jugend,15000000.0,14000000.0,0.0,0.0,53.95492227588236,70.85998578535893,1,1
rodrigo de paul,Central Midfield,26.0,21/22,udinese,atlético,38000000.0,35000000.0,0.0,0.0,86.11981261845733,84.50604122245915,2,1
rodrigo bentancur,Central Midfield,23.0,21/22,juventus,tottenham,25000000.0,19000000.0,0.0,0.0,69.60212114685845,68.74555792466242,-1,1
nils seufert,Central Midfield,23.0,21/22,arm. bielefeld,greuther fürth,800000.0,0.0,0.0,0.0,22.884907845603657,17.572850035536604,0,0
daniele baselli,Central Midfield,28.0,21/22,torino,cagliari,1900000.0,0.0,0.0,0.0,28.345423966253463,20.700071073205404,-1,0
daniel wass,Central Midfield,31.0,21/22,valencia,atlético,6000000.0,2700000.0,0.0,0.0,61.9717390097781,80.20611229566454,2,0
joe willock,Central Midfield,20.0,21/22,arsenal,newcastle,16000000.0,29400000.0,0.0,0.0,30.97712143546844,39.16133617626156,-2,0
maxime lopez,Defensive Midfield,22.0,21/22,marseille,sassuolo,10000000.0,2500000.0,0.1847,0.0,59.62077286908568,64.2679459843639,-2,0
hakan calhanoglu,Defensive Midfield,26.0,21/22,ac milan,inter,35000000.0,0.0,0.0,0.0,66.47450486396703,72.72565742714998,0,1
brandon soppy,Right Midfield,18.0,21/22,rennes jugend,udinese,7000000.0,2000000.0,0.0,0.0,33.49706988116639,33.33523091891445,-1,1
boubakary soumare,Defensive Midfield,21.0,21/22,lille,leicester,28000000.0,20000000.0,0.0,0.0,60.138850899268064,61.95806680881309,-1,1
ibrahim amadou,Defensive Midfield,27.0,21/22,sevilla fc,fc mtz,2500000.0,0.0,0.0,0.0,38.903373582597766,46.71286425017768,-3,0
bruno guimaraes,Central Midfield,22.0,21/22,lyon,newcastle,30000000.0,42100000.0,0.0,0.0,63.58001411163094,60.90973702914003,-2,1
jean lucas,Central Midfield,22.0,21/22,lyon,monaco,4500000.0,11000000.0,0.0,0.0,39.38749922871664,42.23525230987918,-1,0
michael cuisance,Central Midfield,21.0,21/22,bayern munich,venezia,5000000.0,2300000.0,0.2396,0.2491591638671146,26.40259776885048,32.15744306187613,-4,0
carles alena,Central Midfield,22.0,21/22,barcelona,getafe,15000000.0,5000000.0,0.221,0.0,35.2727728859383,45.46908315565032,-2,0
moussa sissoko,Central Midfield,30.0,21/22,tottenham,watford,10000000.0,3500000.0,0.0,0.0,38.39087578347689,49.022743425728514,-3,1
ilaix moriba,Central Midfield,17.0,21/22,barcelona,leipzig,25000000.0,16600000.0,0.0,0.0,29.5131397228439,21.499644633972995,0,0
jakub jankto,Left Midfield,24.0,21/22,sampdoria,getafe,11000000.0,5160000.0,0.0,0.0,44.843953092143614,72.37029140014216,0,1
cem turkmen,Central Midfield,19.0,21/22,leverkusen,clermont foot,400000.0,0.0,0.0,0.0,26.40259776885048,32.15744306187613,-4,0
imran louza,Central Midfield,22.0,21/22,nantes,watford,12000000.0,10000000.0,0.0,0.0,59.037064749786296,69.49182658137883,-2,1
saif-eddine khaoui,Attacking Midfield,26.0,21/22,marseille,clermont foot,1800000.0,0.0,0.0,0.0,39.50903807920936,44.61781999095433,-4,0
ivan radovanovic,Defensive Midfield,32.0,21/22,genoa,salernitana,500000.0,0.0,0.0,0.0,46.54729817799224,67.50177683013506,-1,0
monchu,Central Midfield,21.0,21/22,barcelona,granada,4000000.0,750000.0,0.3011,0.0725333333333333,26.0200453363498,28.74786468659211,-3,0
enzo millot,Attacking Midfield,19.0,21/22,monaco,stuttgart,1000000.0,1750000.0,0.0,0.0,27.94651892212264,33.33523091891445,-1,1
lennart czyborra,Left Midfield,21.0,21/22,atalanta,genoa,3500000.0,5500000.0,0.2386,0.1915824561403508,31.854767529050022,32.15346080656625,-2,0
albin ekdal,Defensive Midfield,32.0,22/23,sampdoria,spezia,1000000.0,0.0,0.0,0.0,42.10417503275447,50.95948827292112,-2,0
luca valzania,Central Midfield,25.0,22/23,atalanta,cremonese,1200000.0,3000000.0,0.4192,0.0,43.880635966248526,53.21606254442077,-3,0
ajdin hrustic,Attacking Midfield,25.0,22/23,frankfurt,hellas verona,3000000.0,500000.0,0.0,0.0,33.76755938365749,38.059701492537314,-1,0
morgan gibbs-white,Attacking Midfield,21.0,22/23,wolves,nott'm forest,11000000.0,29500000.0,0.0,0.0,59.57147840531831,78.58919687277897,-1,1
morten thorsby,Central Midfield,25.0,22/23,sampdoria,union berlin,7000000.0,3000000.0,0.0,0.0,44.87049555361077,79.7085998578536,-2,0
sasa lukic,Central Midfield,24.0,22/23,torino,fulham,13000000.0,9800000.0,0.2301,0.0835315789473684,67.69411501535174,80.20611229566454,-1,1
cesare casadei,Central Midfield,18.0,22/23,inter,chelsea,1000000.0,14860000.0,0.0,0.0,26.92044168331367,26.27204884667572,0,0
cheick doucoure,Defensive Midfield,21.0,22/23,lens,crystal palace,15000000.0,22600000.0,0.0,0.0,80.34767165949738,78.51812366737741,2,1
cheikhou kouyate,Defensive Midfield,31.0,22/23,crystal palace,nott'm forest,4000000.0,0.0,0.0,0.0,42.98196792178221,56.75195451314855,-2,1
christian eriksen,Attacking Midfield,29.0,22/23,brentford,man utd,20000000.0,0.0,0.0,0.0,38.984394704651095,23.400852878464825,4,1
munir el haddadi,Attacking Midfield,25.0,22/23,sevilla fc,getafe,8000000.0,0.0,0.0,0.0,14.483822570972972,23.00995024875622,-1,0
isco,Attacking Midfield,29.0,22/23,real madrid,sevilla fc,7500000.0,0.0,0.0,0.0,26.2148528144758,18.63894811656006,-1,0
remy cabella,Attacking Midfield,31.0,22/23,montpellier,lille,6500000.0,0.0,0.0,0.0,26.64048305569544,7.67590618336887,1,0
carlos soler,Central Midfield,24.0,22/23,valencia,paris sg,50000000.0,18000000.0,0.0,0.0,51.50517105781847,69.66950959488274,2,0
carney chukwuemeka,Central Midfield,17.0,22/23,aston villa,chelsea,6000000.0,18000000.0,0.0,0.0,17.138604061218917,15.760483297796732,2,0
casemiro,Defensive Midfield,29.0,22/23,real madrid,man utd,40000000.0,70650000.0,0.0,0.0,71.66010719087018,70.9132906894101,0,1
milos pantovic,Attacking Midfield,26.0,22/23,vfl bochum,union berlin,2200000.0,0.0,0.0,0.0,40.98895755457241,51.847903340440666,0,0
james garner,Defensive Midfield,20.0,22/23,man utd,everton,7000000.0,10400000.0,0.0,0.0,73.80588748784746,91.8265813788202,-2,0
salis abdul samed,Defensive Midfield,21.0,22/23,clermont foot,lens,3000000.0,5000000.0,0.0,0.0,55.95093385093349,68.35465529495382,0,1
idrissa gueye,Defensive Midfield,32.0,22/23,paris sg,everton,12000000.0,4000000.0,0.0,0.0,49.18055978939429,44.866576209859794,-2,1
mikkel damsgaard,Attacking Midfield,21.0,22/23,sampdoria,brentford,15000000.0,15000000.0,0.0,0.0,26.86810018479472,18.42572850035537,-2,1
janik haberer,Central Midfield,27.0,22/23,freiburg,union berlin,3500000.0,0.0,0.0,0.0,28.22274885602576,39.6410803127221,-2,0
mehdi bourabia,Central Midfield,29.0,22/23,sassuolo,spezia,900000.0,1650000.0,0.4631,0.7455317139001351,21.84920160738472,10.749822316986496,-2,0
henrikh mkhitaryan,Central Midfield,32.0,22/23,roma,inter,8000000.0,0.0,0.0,0.0,59.38133356397508,68.72778962331202,0,1
naouirou ahamada,Central Midfield,19.0,22/23,stuttgart,crystal palace,5500000.0,12000000.0,0.0,0.0,26.715534946206507,29.764157081794256,0,0
corentin tolisso,Central Midfield,26.0,22/23,bayern munich,lyon,15000000.0,0.0,0.0,0.0,38.08495978249727,24.92892679459844,0,1
grischa promel,Central Midfield,26.0,22/23,union berlin,hoffenheim,7500000.0,0.0,0.0,0.0,44.29088246054799,65.35181236673775,2,0
jean-paul boetius,Attacking Midfield,27.0,22/23,mainz,hertha bsc,4000000.0,0.0,0.0,0.0,47.52554307413061,61.531627576403714,0,0
jesse lingard,Attacking Midfield,28.0,22/23,man utd,nott'm forest,18000000.0,0.0,0.0,0.0,19.4505223784944,21.517412935323385,-4,0
jimmy cabot,Right Midfield,28.0,22/23,angers,lens,5000000.0,2000000.0,0.0,0.0,51.88776641675843,50.58098992906091,-1,1
matteo guendouzi,Central Midfield,22.0,22/23,arsenal,marseille,25000000.0,11000000.0,0.2759,0.1532574178163856,78.2531378142221,86.1407249466951,0,1
brais mendez,Attacking Midfield,24.0,22/23,celta vigo,real sociedad,18000000.0,14000000.0,0.0,0.0,66.45938421551878,83.20895522388061,0,1
brandon soppy,Right Midfield,19.0,22/23,udinese,atalanta,5000000.0,9900000.0,0.0,0.0,24.26252418876394,41.40014214641081,1,1
nemanja matic,Defensive Midfield,32.0,22/23,man utd,roma,5000000.0,0.0,0.0,0.0,48.0185547591839,43.90547263681593,0,1
rolando mandragora,Defensive Midfield,24.0,22/23,juventus,fiorentina,10000000.0,8200000.0,0.3662,0.3729212790039615,42.512785922890856,40.65387348969439,-2,0
billy gilmour,Defensive Midfield,20.0,22/23,chelsea,brighton,12000000.0,8300000.0,0.3561,0.4834668016194332,50.36173255707247,51.56361051883441,-2,1
boubacar kamara,Defensive Midfield,21.0,22/23,marseille,aston villa,25000000.0,0.0,0.0,0.0,75.62876822622536,76.27931769722815,-2,1
giulio maggiore,Central Midfield,23.0,22/23,spezia,salernitana,8500000.0,3500000.0,0.0,0.0,51.20607233281295,77.96730632551528,0,0
mattias svanberg,Central Midfield,22.0,22/23,bologna,wolfsburg,15000000.0,9500000.0,0.0,0.0,50.60411918029617,75.67519545131486,0,1
matias vecino,Central Midfield,29.0,22/23,inter,lazio,3500000.0,0.0,0.0,0.0,28.233396124545465,22.83226723525232,-1,0
rodrigo zalazar,Central Midfield,21.0,22/23,frankfurt,fc schalke 04,3500000.0,1500000.0,0.0,0.0,26.715534946206507,29.764157081794256,0,0
jonjo shelvey,Central Midfield,29.0,22/23,newcastle,nott'm forest,7000000.0,6500000.0,0.0,0.0,45.409880636287234,53.30490405117271,-2,1
jordan veretout,Central Midfield,28.0,22/23,roma,marseille,17000000.0,12450000.0,0.0,0.0,64.84694379080422,72.31698649609099,0,1
jorginho,Defensive Midfield,29.0,22/23,chelsea,arsenal,35000000.0,11300000.0,0.0,0.0,69.1931446942626,63.361762615493966,0,0
genki haraguchi,Attacking Midfield,30.0,22/23,union berlin,stuttgart,2000000.0,1000000.0,0.0,0.0,42.4905391396562,57.33830845771145,2,0
aurelien tchouameni,Defensive Midfield,21.0,22/23,monaco,real madrid,60000000.0,80000000.0,0.0,0.0,85.14789623721288,79.45984363894813,1,1
axel witsel,Defensive Midfield,32.0,22/23,dortmund,atlético,4000000.0,0.0,0.0,0.0,50.77936773162726,58.75977256574273,0,1
aymen barkok,Attacking Midfield,23.0,22/23,frankfurt,mainz,1800000.0,0.0,0.0,0.0,11.892717900288195,5.561478322672354,0,0
azzedine ounahi,Central Midfield,21.0,22/23,angers,marseille,15000000.0,8000000.0,0.0,0.0,44.28257163504145,57.977967306325525,3,1
julian baumgartlinger,Defensive Midfield,33.0,22/23,leverkusen,augsburg,800000.0,0.0,0.0,0.0,25.68523420324024,5.756929637526652,-2,0
thomas mangani,Central Midfield,34.0,22/23,angers,ajaccio,600000.0,0.0,0.0,0.0,63.202459778465936,67.0042643923241,-1,0
arne maier,Central Midfield,22.0,22/23,hertha bsc,augsburg,5500000.0,5000000.0,0.3107,0.1990964912280701,41.674871585253136,57.6403695806681,0,0
fabio carvalho,Attacking Midfield,18.0,22/23,fulham,liverpool,12000000.0,9400000.0,0.0,0.0,39.96499320341479,32.98362085675519,3,0
orel mangala,Defensive Midfield,23.0,22/23,stuttgart,nott'm forest,15000000.0,13000000.0,0.0,0.0,36.03341215478222,56.325515280739175,-2,1
oriol romeu,Defensive Midfield,29.0,22/23,southampton,girona,5000000.0,5500000.0,0.0,0.0,68.32203890274408,80.15280739161338,-1,1
franck kessie,Central Midfield,24.0,22/23,ac milan,barcelona,45000000.0,0.0,0.0,0.0,56.70185340030565,66.11584932480456,0,1
frank anguissa,Central Midfield,25.0,22/23,fulham,napoli,30000000.0,16000000.0,0.1727,0.2553157894736842,61.17880996189403,50.375775562342746,3,1
mario lemina,Defensive Midfield,27.0,22/23,nice,wolves,7000000.0,11000000.0,0.0,0.0,55.08379541004358,62.7043354655295,-1,1
kalvin phillips,Defensive Midfield,25.0,22/23,leeds united,man city,50000000.0,49000000.0,0.0,0.0,45.71119379152336,43.19474058280029,4,1
antonin barak,Attacking Midfield,26.0,22/23,hellas verona,fiorentina,12000000.0,7860000.0,0.0,0.0,52.2582355902009,64.23240938166312,1,0
marc roca,Defensive Midfield,24.0,22/23,bayern munich,leeds united,7000000.0,12000000.0,0.0,0.0,27.430243636121663,13.308457711442788,-4,1
tommaso milanese,Central Midfield,19.0,22/23,roma,cremonese,2000000.0,750000.0,0.0,0.0,47.17218193097239,70.1314854299929,-4,0
tomas rincon,Defensive Midfield,33.0,22/23,torino,sampdoria,1000000.0,0.0,0.3807,0.0743824561403508,36.36557862345022,44.349680170575695,0,0
tyler adams,Defensive Midfield,22.0,22/23,leipzig,leeds united,17000000.0,17000000.0,0.0,0.0,44.193417462645264,44.59843638948117,-4,1
unai lopez,Central Midfield,25.0,22/23,bilbao athletic,rayo vallecano,4000000.0,0.0,0.0,0.0,38.58229376978289,45.55792466240228,-1,0
remo freuler,Central Midfield,29.0,22/23,atalanta,nott'm forest,20000000.0,8300000.0,0.0,0.0,69.88390339946972,64.60554371002132,-3,0
florent mollet,Attacking Midfield,29.0,22/23,fc schalke 04,nantes,2500000.0,1500000.0,0.0,0.0,50.72560625571212,75.35536602700782,0,0
florent mollet,Attacking Midfield,29.0,22/23,montpellier,fc schalke 04,6000000.0,500000.0,0.0,0.0,50.71338475525821,75.35536602700782,0,0
kevin stoger,Attacking Midfield,27.0,22/23,mainz,vfl bochum,1600000.0,0.0,0.0,0.0,40.00500524099542,48.15776739403288,-2,0
mamadou coulibaly,Central Midfield,22.0,22/23,udinese,salernitana,2500000.0,3000000.0,0.4922,0.0,26.13801566893846,22.850035536602704,-2,0
andreas pereira,Attacking Midfield,25.0,22/23,man utd,fulham,7500000.0,9500000.0,0.0,0.0,44.97301303392371,50.375775562342746,-3,1
angelo fulgini,Attacking Midfield,24.0,22/23,angers,mainz,12000000.0,6000000.0,0.0,0.0,56.2626760649896,80.65031982942432,1,0
ante palaversa,Defensive Midfield,22.0,22/23,man city,troyes,1500000.0,0.0,0.0,0.0,37.21800924512981,32.98362085675519,-4,0
filip djuricic,Attacking Midfield,30.0,22/23,sassuolo,sampdoria,4000000.0,0.0,0.0,0.0,40.88534252609167,51.19718865987523,0,0
filip kostic,Left Midfield,30.0,22/23,frankfurt,juventus,24000000.0,14700000.0,0.0,0.0,45.43518883244534,48.15776739403288,2,1
andrea colpani,Attacking Midfield,22.0,22/23,atalanta,monza,2400000.0,11000000.0,0.2926,0.0,40.31990213276335,59.7903340440654,-3,0
fabian ruiz,Central Midfield,26.0,22/23,napoli,paris sg,55000000.0,22500000.0,0.0,0.0,39.90744964803241,46.2040447115074,0,1
paul pogba,Central Midfield,28.0,22/23,man utd,juventus,48000000.0,0.0,0.0,0.0,43.84295223831733,39.83653162757641,0,0
leander dendoncker,Defensive Midfield,26.0,22/23,wolves,aston villa,28000000.0,15000000.0,0.0,0.0,42.85531573585322,60.07462686567165,1,0
vlad chiriches,Defensive Midfield,31.0,22/23,sassuolo,cremonese,1800000.0,2000000.0,0.0,0.0,42.57229834795667,48.49680170575694,-2,0
amadou onana,Defensive Midfield,19.0,22/23,lille,everton,10000000.0,39870000.0,0.0,0.0,41.19879444064278,54.24662402274343,-1,1
ander herrera,Central Midfield,31.0,22/23,paris sg,bilbao athletic,4000000.0,0.0,0.0,0.0,48.58230151850401,35.039090262970866,-2,1
lucas paqueta,Attacking Midfield,23.0,22/23,lyon,west ham,35000000.0,42950000.0,0.0,0.0,62.58909218253248,76.35039090262971,-2,1
xaver schlager,Central Midfield,23.0,22/23,wolfsburg,leipzig,27000000.0,12000000.0,0.0,0.0,34.257221085753926,28.46481876332623,2,1
alexis tibidi,Attacking Midfield,17.0,22/23,stuttgart,troyes,1500000.0,2600000.0,0.0,0.0,13.632917451723127,18.19474058280029,-2,0
elvis rexhbecaj,Central Midfield,23.0,22/23,wolfsburg,augsburg,4000000.0,1700000.0,0.4174,0.0494491228070175,46.207926802980126,70.5401563610519,0,0
philipp forster,Attacking Midfield,26.0,22/23,stuttgart,vfl bochum,2500000.0,500000.0,0.0,0.0,31.410223391813048,34.488272921108745,-2,0
philippe coutinho,Attacking Midfield,29.0,22/23,barcelona,aston villa,20000000.0,20000000.0,0.2891,0.4824949066213921,47.24876517411912,59.64818763326227,-2,0
yves bissouma,Defensive Midfield,24.0,22/23,brighton,tottenham,35000000.0,29200000.0,0.0,0.0,55.709046979726594,57.55152807391615,1,1
abdelhamid sabiri,Attacking Midfield,24.0,22/23,sampdoria,fiorentina,4000000.0,2500000.0,0.0,0.0,25.58014841999481,26.35039090262971,0,0
ederson,Central Midfield,22.0,22/23,salernitana,atalanta,13000000.0,22900000.0,0.0,0.0,29.94312360939508,31.02345415778252,3,1
aaron ramsey,Central Midfield,31.0,22/23,juventus,nice,3000000.0,0.0,0.513,0.5610498245614035,44.19192325292577,48.49680170575694,-2,0
adrien tameze,Defensive Midfield,29.0,23/24,hellas verona,torino,6000000.0,2800000.0,0.0,0.0,66.8183291859665,83.33333333333334,1,1
habib keita,Central Midfield,20.0,23/24,lyon,clermont foot,650000.0,1200000.0,0.0,0.0,30.507283076010083,28.170289855072465,-4,0
ibrahim sulemana,Defensive Midfield,19.0,23/24,hellas verona,cagliari,1500000.0,4000000.0,0.0,0.0,23.34386918348516,25.37313432835821,0,0
houssem aouar,Attacking Midfield,24.0,23/24,lyon,roma,13000000.0,0.0,0.0,0.0,29.4776876935531,23.6318407960199,0,1
naby keita,Central Midfield,27.0,23/24,liverpool,werder bremen,12000000.0,0.0,0.0,0.0,17.404693928623555,10.99857853589197,-2,0
munir el haddadi,Attacking Midfield,26.0,23/24,getafe,ud las palmas,3500000.0,0.0,0.0,0.0,24.173461177521627,46.62402274342573,-2,0
nemanja matic,Defensive Midfield,33.0,23/24,roma,rennes jugend,4000000.0,2500000.0,0.0,0.0,57.134129943260405,64.65884861407251,-1,1
woo-yeong jeong,Attacking Midfield,23.0,23/24,freiburg,stuttgart,3500000.0,3800000.0,0.3084,0.1351122807017543,36.30567453615565,42.47534106471129,0,0
luca mazzitelli,Central Midfield,26.0,23/24,monza,frosinone,3000000.0,1780000.0,0.375,0.2818755775577558,62.93760688018307,53.99786780383797,0,0
luca lipani,Defensive Midfield,18.0,23/24,genoa,sassuolo,400000.0,3000000.0,0.0,0.0,30.04594468338152,35.662955065940146,1,0
yangel herrera,Central Midfield,24.0,23/24,man city,girona,5000000.0,5000000.0,0.0,0.0,28.305729227084804,34.488272921108745,-4,0
abdoulaye toure,Defensive Midfield,28.0,23/24,genoa,le havre,1300000.0,0.0,0.4107,0.5426684210526316,57.69594890596894,49.2188781367886,-1,0
abdou harroui,Central Midfield,24.0,23/24,sassuolo,frosinone,2700000.0,700000.0,0.0,0.0,26.5039560936506,33.70646766169155,-2,0
ilkay gundogan,Central Midfield,31.0,23/24,man city,barcelona,20000000.0,0.0,0.0,0.0,63.95037467545775,66.73773987206825,0,1
youssef maleh,Central Midfield,23.0,23/24,fiorentina,lecce,4500000.0,5000000.0,0.3801,0.2372421052631579,27.105141788815125,39.37455579246624,-2,0
tom krau,Central Midfield,21.0,23/24,leipzig,mainz,7000000.0,5000000.0,0.0,0.0,51.075416841924685,70.16702203269368,-2,0
tom davies,Central Midfield,24.0,23/24,everton,sheffield utd,9000000.0,0.0,0.0,0.0,22.93969288345512,27.452025586353948,-2,0
anton stach,Defensive Midfield,23.0,23/24,mainz,hoffenheim,15000000.0,12000000.0,0.0,0.0,47.59120206321217,61.69154228855722,0,1
leandro paredes,Defensive Midfield,28.0,23/24,paris sg,roma,12000000.0,5650000.0,0.0,0.0,44.1668263552183,44.88272921108743,0,0
manuel locatelli,Defensive Midfield,24.0,23/24,sassuolo,juventus,30000000.0,36400000.0,0.0597,0.4546986270022883,58.08062528803104,69.29637526652454,2,1
manu morlanes,Central Midfield,23.0,23/24,villarreal,rcd mallorca,4000000.0,2500000.0,0.0,0.0,30.62750510939581,28.358208955223883,-2,0
mahmoud dahoud,Central Midfield,26.0,23/24,dortmund,brighton,12000000.0,0.0,0.0,0.0,26.959016719456013,12.686567164179106,-2,0
kevin volland,Attacking Midfield,30.0,23/24,monaco,union berlin,8000000.0,4000000.0,0.0,0.0,20.870144281530845,26.439232409381667,-3,0
angelo stiller,Defensive Midfield,21.0,23/24,hoffenheim,stuttgart,5000000.0,5500000.0,0.0,0.0,28.70407283796576,30.88130774697939,0,1
angelo fulgini,Attacking Midfield,25.0,23/24,mainz,lens,9000000.0,7200000.0,0.0,0.0,39.31033245776988,55.81023454157784,-2,0
antonio blanco,Defensive Midfield,22.0,23/24,real madrid,alavés,5000000.0,4000000.0,0.3419,0.0,18.88910838951964,3.1805259417199725,-3,1
justin kluivert,Attacking Midfield,23.0,23/24,roma,bournemouth,14000000.0,10800000.0,0.2071,0.5324655639097745,27.394170676336724,48.34754797441366,-3,1
kevin strootman,Central Midfield,32.0,23/24,marseille,genoa,1300000.0,0.0,0.4283,0.3108571428571428,73.84963681381953,63.93034825870648,-3,0
marco asensio,Attacking Midfield,26.0,23/24,real madrid,paris sg,25000000.0,0.0,0.0,0.0,46.94015228752364,54.17555081734187,0,0
marcel sabitzer,Central Midfield,28.0,23/24,bayern munich,dortmund,20000000.0,19000000.0,0.1847,0.3008471228070175,43.30520194229662,45.61122956645345,0,1
stijn spierings,Central Midfield,26.0,23/24,toulouse,lens,6000000.0,0.0,0.0,0.0,79.03602971049845,83.38663823738453,-1,0
sergi altimira,Central Midfield,21.0,23/24,getafe,real betis,300000.0,2000000.0,0.0,0.0,31.5282195851124,32.93650793650794,0,0
jude bellingham,Attacking Midfield,19.0,23/24,dortmund,real madrid,120000000.0,127000000.0,0.0,0.0,78.01600364339382,71.46410803127222,0,1
marco brescianini,Central Midfield,22.0,23/24,ac milan,frosinone,900000.0,5200000.0,0.0,0.0,46.492538231119504,76.11940298507463,-4,0
junior dina ebimbe,Right Midfield,21.0,23/24,paris sg,frankfurt,10000000.0,6500000.0,0.0,0.0,33.84389166413299,34.665955934612654,-2,1
martin hongla,Defensive Midfield,24.0,23/24,hellas verona,granada,2800000.0,2750000.0,0.3801,0.0551157894736842,40.64029339110064,42.07700990844099,0,0
boubacar traore,Defensive Midfield,20.0,23/24,fc mtz,wolves,5000000.0,11000000.0,0.0,0.0,25.04248834005576,14.996446339729925,1,1
cristian volpato,Attacking Midfield,18.0,23/24,roma,sassuolo,3000000.0,7500000.0,0.0,0.0,12.779305159396577,8.813077469793889,-2,0
christoph baumgartner,Attacking Midfield,22.0,23/24,hoffenheim,leipzig,24000000.0,25500000.0,0.0,0.0,48.80045531298051,72.1037668798863,2,1
mateo kovacic,Central Midfield,28.0,23/24,chelsea,man city,38000000.0,29100000.0,0.0,0.0,59.98730068682191,53.1449893390192,0,0
mason mount,Attacking Midfield,23.0,23/24,chelsea,man utd,60000000.0,67700000.0,0.0,0.0,41.64231506131584,48.70291400142147,0,0
marvelous nakamba,Defensive Midfield,28.0,23/24,aston villa,luton town,4000000.0,2900000.0,0.4489,0.255,37.54957177619386,37.26012793176973,-2,0
sandro tonali,Defensive Midfield,22.0,23/24,ac milan,newcastle,50000000.0,58900000.0,0.0,0.0,68.00093047500135,75.28429282160627,-2,1
sander berge,Defensive Midfield,24.0,23/24,sheffield utd,burnley,20000000.0,13900000.0,0.0,0.0,62.711764620715925,84.32835820895524,1,1
romain faivre,Attacking Midfield,24.0,23/24,lyon,bournemouth,10000000.0,15000000.0,0.388,0.252496661007357,44.40506591360444,49.71570717839375,-3,0
juan cuadrado,Right Midfield,35.0,23/24,juventus,inter,4000000.0,0.0,0.0,0.0,46.45787994801668,61.345060412224605,0,1
ryan gravenberch,Defensive Midfield,20.0,23/24,bayern munich,liverpool,30000000.0,40000000.0,0.0,0.0,26.90613695827999,33.90191897654584,0,1
santi comesana,Central Midfield,25.0,23/24,rayo vallecano,villarreal,7500000.0,0.0,0.0,0.0,60.76810698948436,72.86780383795309,2,0
ruslan malinovskyi,Attacking Midfield,29.0,23/24,marseille,genoa,10000000.0,7700000.0,0.0,0.0,44.61777771942269,63.66382373845061,-3,0
ruslan malinovskyi,Attacking Midfield,29.0,23/24,atalanta,marseille,15000000.0,10000000.0,0.3874,0.1055723627249943,44.438526687498346,63.66382373845061,1,0
ruben loftus-cheek,Central Midfield,27.0,23/24,chelsea,ac milan,25000000.0,18900000.0,0.0,0.0,48.45212529609408,52.42664229871053,0,1
dejan kulusevski,Attacking Midfield,22.0,23/24,juventus,tottenham,50000000.0,30000000.0,0.3006,0.2916315789473683,39.55957929979487,61.69154228855722,-1,0
declan rice,Central Midfield,23.0,23/24,west ham,arsenal,90000000.0,116600000.0,0.0,0.0,84.49539522116802,86.69154228855723,2,1
cole palmer,Attacking Midfield,20.0,23/24,man city,chelsea,18000000.0,47000000.0,0.0,0.0,20.04530221823101,19.13646055437101,0,1
daniel boloca,Defensive Midfield,23.0,23/24,frosinone,sassuolo,3500000.0,6500000.0,0.0,0.0,67.76561775120285,70.22032693674485,2,1
ross barkley,Central Midfield,28.0,23/24,nice,luton town,6000000.0,0.0,0.0,0.0,34.44615852308198,42.82160625444208,-2,0
denis zakaria,Defensive Midfield,25.0,23/24,juventus,monaco,18000000.0,20000000.0,0.1136,0.258331983805668,23.153672616010954,15.422885572139307,-1,1
denis suarez,Attacking Midfield,28.0,23/24,celta vigo,villarreal,5000000.0,0.0,0.4499,0.0,32.39685327930924,31.8585643212509,1,1
riccardo saponara,Attacking Midfield,31.0,23/24,fiorentina,hellas verona,2000000.0,0.0,0.4277,0.1815508771929824,34.77042212590917,40.142333445554186,-1,0
dominik szoboszlai,Attacking Midfield,21.0,23/24,leipzig,liverpool,50000000.0,70000000.0,0.0,0.0,68.78901477932351,68.10589907604835,0,1
matteo pessina,Central Midfield,25.0,23/24,atalanta,monza,15000000.0,12000000.0,0.3602,0.3538035087719298,72.66784358437499,79.58422174840086,-3,1
roberto gagliardini,Central Midfield,28.0,23/24,inter,monza,4000000.0,0.0,0.0,0.0,31.78506509726485,30.810234541577824,-4,0
daichi kamada,Attacking Midfield,25.0,23/24,frankfurt,lazio,27000000.0,0.0,0.0,0.0,62.06213535150399,66.80881307746981,1,1
raoul bellanova,Right Midfield,22.0,23/24,cagliari,torino,5000000.0,7000000.0,0.0597,0.1058473684210526,34.04761382744285,35.662955065940146,1,1
ramon terrats,Central Midfield,21.0,23/24,girona,villarreal,4000000.0,2500000.0,0.1222,0.1819964420396786,32.12435334914312,40.12082444918266,3,1
eljif elmas,Attacking Midfield,23.0,23/24,napoli,leipzig,24000000.0,24000000.0,0.0,0.0,38.72313365657501,42.07700990844099,0,0
djibril sow,Central Midfield,25.0,23/24,frankfurt,sevilla fc,22000000.0,10000000.0,0.0,0.0,62.082380991749474,72.03269367448473,1,0
reda belahyane,Defensive Midfield,18.0,23/24,nice,hellas verona,200000.0,500000.0,0.0,0.0,20.506229233278955,4.619758351101636,-1,0
felix nmecha,Central Midfield,21.0,23/24,wolfsburg,dortmund,15000000.0,30000000.0,0.0,0.0,43.78306433477072,58.45771144278607,2,1
paul akouokou,Defensive Midfield,24.0,23/24,real betis,lyon,3500000.0,3000000.0,0.0,0.0,26.61620736248472,17.87491115849325,2,0
jefferson lerma,Defensive Midfield,27.0,23/24,bournemouth,crystal palace,20000000.0,0.0,0.0,0.0,60.94009424465568,86.31840796019902,1,0
jean n'guessan,Central Midfield,19.0,23/24,nice,fc mtz,1200000.0,430000.0,0.0,0.0,29.88735518850877,28.170289855072465,-2,0
oriol romeu,Defensive Midfield,30.0,23/24,girona,barcelona,5000000.0,3400000.0,0.0,0.0,62.81069016582594,79.63752665245204,4,0
inigo ruiz de galarreta,Central Midfield,28.0,23/24,rcd mallorca,bilbao athletic,3000000.0,0.0,0.0,0.0,54.30878454881847,66.91542288557214,1,0
james milner,Central Midfield,36.0,23/24,liverpool,brighton,1500000.0,0.0,0.0,0.0,37.33021872092042,46.83724235963043,-2,1
michel adopo,Central Midfield,21.0,23/24,torino,atalanta,500000.0,0.0,0.3084,0.0296456140350877,30.321775128891453,35.662955065940146,1,0
jakub jankto,Left Midfield,26.0,23/24,getafe,cagliari,1000000.0,540000.0,0.4107,0.4702420690902513,42.79548655144232,46.77312196780076,-1,0
fares chaibi,Attacking Midfield,20.0,23/24,toulouse,frankfurt,10000000.0,10000000.0,0.0,0.0,61.55123877174019,72.56574271499646,1,0
oier zarraga,Central Midfield,23.0,23/24,bilbao athletic,udinese,3000000.0,0.0,0.0,0.0,30.335320529981235,40.13859275053305,0,0
mitchel bakker,Left Midfield,22.0,23/24,leverkusen,atalanta,9000000.0,8800000.0,0.0,0.0,41.71593997963945,53.58919687277897,-1,0
pablo fornals,Central Midfield,26.0,23/24,west ham,real betis,17000000.0,8000000.0,0.0,0.0,42.0077334985419,56.23667377398721,0,0
granit xhaka,Defensive Midfield,29.0,23/24,arsenal,leverkusen,20000000.0,15000000.0,0.0,0.0,65.98660938236748,82.83582089552239,0,1
gonzalo villar,Central Midfield,24.0,23/24,roma,granada,2800000.0,1800000.0,0.2828,0.1040280701754386,35.46917568705493,50.19545131485431,-3,0
nicolas dominguez,Central Midfield,24.0,23/24,bologna,nott'm forest,17000000.0,6650000.0,0.0,0.0,60.313007099853294,66.11584932480456,-2,1
ivan martin,Attacking Midfield,23.0,23/24,villarreal,girona,3000000.0,2000000.0,0.4318,0.3203157894736842,32.10416538258929,47.83226723525232,-3,0
ivan ilic,Central Midfield,21.0,23/24,hellas verona,torino,19000000.0,16500000.0,0.1761,0.2185035350846596,34.751422069698016,35.662955065940146,1,1
moises caicedo,Defensive Midfield,20.0,23/24,brighton,chelsea,75000000.0,116000000.0,0.0,0.0,80.8515850442744,84.82587064676618,2,1
nikola vlasic,Attacking Midfield,24.0,23/24,west ham,torino,17000000.0,10600000.0,0.2273,0.2107736842105262,46.91640815923122,75.53304904051174,0,0
giovanni fabbian,Attacking Midfield,19.0,23/24,inter,bologna,6000000.0,5370000.0,0.3084,0.0496736842105262,39.50271303126595,79.28216062544422,-2,0
uros racic,Defensive Midfield,24.0,23/24,valencia,sassuolo,6500000.0,2500000.0,0.515,0.0,50.04509636488991,42.555081734186224,0,1
lesley ugochukwu,Defensive Midfield,18.0,23/24,rennes jugend,chelsea,9000000.0,27000000.0,0.0,0.0,40.08410823219864,46.73063255152808,1,0
ander guevara,Central Midfield,25.0,23/24,real sociedad,alavés,2500000.0,1800000.0,0.0,0.0,27.463833546603936,10.00355366027008,-1,0
wataru endo,Defensive Midfield,29.0,23/24,stuttgart,liverpool,6500000.0,20000000.0,0.0,0.0,63.2055116171062,77.07889125799575,2,1
alexis mac allister,Central Midfield,23.0,23/24,brighton,liverpool,65000000.0,42000000.0,0.0,0.0,71.23054918325145,78.96233120113718,2,1
yunus musah,Central Midfield,19.0,23/24,valencia,ac milan,18000000.0,21200000.0,0.0,0.0,41.85293495286426,65.76048329779674,2,1
alex collado,Attacking Midfield,23.0,23/24,barcelona,real betis,3000000.0,500000.0,0.0,0.0,30.04496091060677,25.17768301350391,-2,0
lovro majer,Attacking Midfield,24.0,23/24,rennes jugend,wolfsburg,20000000.0,25000000.0,0.0,0.0,49.77641773110143,58.47547974413647,-1,1
youssouf fofana,Defensive Midfield,24.0,24/25,monaco,ac milan,30000000.0,20000000.0,0.0,0.0,74.16970188024251,72.77896233120114,1,1
nathan buayi-kiala,Defensive Midfield,20.0,24/25,parma,aj auxerre,200000.0,800000.0,0.0,0.0,27.41025646458393,32.276927053046464,-1,0
yannik keitel,Defensive Midfield,23.0,24/25,freiburg,stuttgart,5000000.0,0.0,0.0,0.0,35.36153133938453,27.91400142146411,0,1
amadou onana,Defensive Midfield,21.0,24/25,everton,aston villa,50000000.0,59350000.0,0.0,0.0,52.07903435153337,61.940298507462686,0,1
warren bondo,Central Midfield,19.0,24/25,monza,ac milan,7000000.0,10000000.0,0.0,0.0,35.38901957171798,47.53020611229568,4,1
alfred duncan,Central Midfield,30.0,24/25,fiorentina,venezia,4000000.0,0.0,0.3125,0.1659508771929824,51.46985557960031,59.203980099502495,-2,0
ilkay gundogan,Central Midfield,32.0,24/25,barcelona,man city,15000000.0,0.0,0.0,0.0,83.47347352027754,81.64534470504621,0,1
adam lallana,Attacking Midfield,35.0,24/25,brighton,southampton,1000000.0,0.0,0.0,0.0,28.01597884381137,38.82373845060413,-1,0
kristijan jakic,Defensive Midfield,26.0,24/25,frankfurt,augsburg,6500000.0,5000000.0,0.0,0.0,46.55311950755551,36.08742004264393,0,1
gaetano oristanio,Attacking Midfield,20.0,24/25,inter,venezia,4000000.0,4000000.0,0.2301,0.3141655930871955,11.938942720917474,42.43070362473348,-4,0
guido rodriguez,Defensive Midfield,29.0,24/25,real betis,west ham,20000000.0,0.0,0.0,0.0,46.58303070790302,51.43923240938168,0,0
niklas dorsch,Defensive Midfield,25.0,24/25,augsburg,heidenheim,4000000.0,3500000.0,0.0,0.0,35.79411360799449,41.52452025586354,-2,0
alexis claude-maurice,Attacking Midfield,25.0,24/25,nice,augsburg,3500000.0,0.0,0.3182,0.173578947368421,23.18637195580501,25.764036958066807,0,0
morten thorsby,Central Midfield,27.0,24/25,union berlin,genoa,3000000.0,3100000.0,0.3239,0.1749168421052631,23.78693460978647,41.98649609097371,1,0
morgan sanson,Central Midfield,28.0,24/25,aston villa,nice,8000000.0,4000000.0,0.52,0.235277192982456,41.0599258068051,59.008528784648206,0,0
lucien agoume,Defensive Midfield,21.0,24/25,inter,sevilla fc,6000000.0,8000000.0,0.0,0.0,34.55510232770506,32.276927053046464,-1,0
mahmoud dahoud,Central Midfield,27.0,24/25,brighton,frankfurt,6000000.0,0.0,0.0,0.0,32.334412139703524,32.88912579957356,0,0
fabio carvalho,Attacking Midfield,20.0,24/25,liverpool,brentford,14000000.0,23400000.0,0.1954,0.0558912280701754,34.66819607936729,36.695984363894816,-4,1
tommy doyle,Central Midfield,21.0,24/25,man city,wolves,10000000.0,5000000.0,0.0,0.0,43.75924466335172,45.23809523809525,-3,0
kevin stoger,Attacking Midfield,29.0,24/25,vfl bochum,mönchengladbach,5000000.0,0.0,0.0,0.0,41.85321085104577,46.50477010551638,2,0
manu kone,Central Midfield,22.0,24/25,mönchengladbach,roma,20000000.0,18000000.0,0.0,0.0,26.981848326447416,31.828783647156577,2,1
kiernan dewsbury-hall,Central Midfield,24.0,24/25,leicester,chelsea,30000000.0,35400000.0,0.0,0.0,88.83079655870223,100.0,2,0
khephren thuram,Central Midfield,22.0,24/25,nice,juventus,35000000.0,20600000.0,0.0,0.0,52.37716196043844,58.61762615493959,2,1
oliver skipp,Defensive Midfield,22.0,24/25,tottenham,leicester,15000000.0,23500000.0,0.0,0.0,30.22412740671852,32.19616204690832,-1,0
flynn downes,Defensive Midfield,24.0,24/25,west ham,southampton,9000000.0,17850000.0,0.2898,0.0,70.8907204274852,71.85501066098082,-1,1
tim iroegbunam,Central Midfield,20.0,24/25,aston villa,everton,4000000.0,10700000.0,0.267,0.0,18.509820250567472,10.323383084577117,0,0
gaetano castrovilli,Central Midfield,26.0,24/25,fiorentina,lazio,7000000.0,0.0,0.0,0.0,16.48748373555896,9.61265103056148,1,0
giovani lo celso,Attacking Midfield,27.0,24/25,tottenham,real betis,16000000.0,5000000.0,0.0,0.0,36.16866197834607,30.52594171997157,-1,1
orel mangala,Defensive Midfield,25.0,24/25,nott'm forest,lyon,20000000.0,23400000.0,0.0,0.0,41.722670800016814,57.818052594172016,4,1
omari hutchinson,Attacking Midfield,19.0,24/25,chelsea,ipswich town,7000000.0,23500000.0,0.2727,0.0,51.96437251499402,80.09950248756219,-4,1
mikel merino,Central Midfield,27.0,24/25,real sociedad,arsenal,50000000.0,32000000.0,0.0,0.0,57.66188881342768,69.79388770433548,2,1
mikael egill ellertsson,Central Midfield,22.0,24/25,venezia,genoa,2800000.0,3500000.0,0.0,0.0,28.85226651406373,32.276927053046464,1,0
patrick osterhage,Defensive Midfield,23.0,24/25,vfl bochum,freiburg,7000000.0,4800000.0,0.0,0.0,43.53029561328978,51.68798862828715,2,1
pascal gro,Central Midfield,32.0,24/25,brighton,dortmund,8000000.0,7000000.0,0.0,0.0,100.0,83.26226012793178,2,1
pape gueye,Defensive Midfield,24.0,24/25,marseille,villarreal,6000000.0,0.0,0.1307,0.0,35.782787840546014,25.79957356076759,-1,1
teun koopmeiners,Attacking Midfield,25.0,24/25,atalanta,juventus,50000000.0,58400000.0,0.0,0.0,63.76670399090058,74.16488983653163,1,0
tanguy ndombele,Central Midfield,26.0,24/25,tottenham,nice,8000000.0,0.0,0.4048,0.2781056261343012,54.32802785632808,48.54678986022271,-1,0
manuel ugarte,Defensive Midfield,22.0,24/25,paris sg,man utd,45000000.0,50000000.0,0.0,0.0,57.015247883527294,53.87348969438524,0,1
piotr zielinski,Central Midfield,29.0,24/25,napoli,inter,22000000.0,0.0,0.0,0.0,52.57193675630198,57.32054015636106,0,1
emile smith rowe,Attacking Midfield,23.0,24/25,arsenal,fulham,22000000.0,31800000.0,0.0,0.0,25.16586017985024,17.697228144989342,-3,1
ayanda sishuba,Attacking Midfield,18.0,24/25,lens,hellas verona,500000.0,2500000.0,0.0,0.0,0.0019527454630576,6.5742714996446345,1,0
ayanda sishuba,Attacking Midfield,18.0,24/25,hellas verona,rennes jugend,2000000.0,500000.0,0.0,0.0,0.0,6.5742714996446345,2,0
billy gilmour,Defensive Midfield,22.0,24/25,brighton,napoli,18000000.0,14000000.0,0.0,0.0,65.51506318729449,62.43781094527364,2,1
ben lhassine kone,Central Midfield,23.0,24/25,torino,como,800000.0,1500000.0,0.4372,0.9259857229280096,40.59856154508888,42.93641681701384,-2,0
stefano sensi,Central Midfield,27.0,24/25,inter,monza,3000000.0,0.0,0.3289,0.6185586694007748,21.89807683978924,2.7540867093105903,-4,0
enzo le fee,Central Midfield,23.0,24/25,rennes jugend,roma,18000000.0,23000000.0,0.0,0.0,49.3335951792993,48.2764747690121,1,1
enzo barrenechea,Defensive Midfield,22.0,24/25,juventus,aston villa,7500000.0,8000000.0,0.3097,0.0,65.99751485161384,79.03340440653875,-2,1
raoul bellanova,Right Midfield,23.0,24/25,torino,atalanta,15000000.0,22000000.0,0.0,0.0,39.08083579479318,42.93641681701384,1,1
elliot anderson,Central Midfield,20.0,24/25,newcastle,nott'm forest,15000000.0,41200000.0,0.0,0.0,31.725587420524203,36.549395877754094,-2,1
philipp sander,Central Midfield,26.0,24/25,holstein kiel,mönchengladbach,3000000.0,1000000.0,0.0,0.0,36.94462123173277,42.03016757863009,2,0
remo freuler,Central Midfield,31.0,24/25,nott'm forest,bologna,6500000.0,1900000.0,0.0,0.0,68.91896756507191,71.78393745557926,2,0
matteo guendouzi,Central Midfield,24.0,24/25,marseille,lazio,25000000.0,13000000.0,0.1648,0.182436302294197,52.66101062579096,71.99715707178395,-1,1
reda belahyane,Defensive Midfield,19.0,24/25,hellas verona,lazio,10000000.0,9500000.0,0.0,0.0,20.919973877487053,2.5586353944562905,2,1
douglas luiz,Central Midfield,25.0,24/25,aston villa,juventus,70000000.0,51500000.0,0.0,0.0,74.48311183410247,80.45486851457001,2,0
donny van de beek,Central Midfield,26.0,24/25,man utd,girona,5000000.0,500000.0,0.0,0.0,21.707867361922503,11.869225302061125,-4,0
sergi roberto,Central Midfield,31.0,24/25,barcelona,como,2500000.0,0.0,0.0,0.0,35.50522830344384,25.977256574271504,-4,0
scott mctominay,Central Midfield,26.0,24/25,man utd,napoli,32000000.0,30500000.0,0.0,0.0,41.68531804593551,61.709310589907616,0,1
cesare casadei,Central Midfield,20.0,24/25,chelsea,torino,10000000.0,13000000.0,0.2579,0.0,21.41977856997322,11.584932480454867,-2,1
mathis amougou,Central Midfield,18.0,24/25,saint-étienne,chelsea,5000000.0,15000000.0,0.0,0.0,31.9882914618694,30.861695565300188,2,1
daniel maldini,Attacking Midfield,21.0,24/25,monza,atalanta,6000000.0,10000000.0,0.0,0.0,19.92089393918992,27.00781805259417,3,1
daniel maldini,Attacking Midfield,21.0,24/25,ac milan,monza,4500000.0,5000000.0,0.0,0.0,19.903384674603103,27.00781805259417,-4,1
cher ndour,Central Midfield,19.0,24/25,paris sg,fiorentina,4000000.0,5000000.0,0.0,0.0,16.82216511490497,1.3148542999289268,-2,0
charles de ketelaere,Attacking Midfield,22.0,24/25,ac milan,atalanta,34000000.0,23200000.0,0.0,0.0,46.07901760235613,67.02203269367449,-1,1
conor gallagher,Central Midfield,23.0,24/25,chelsea,atlético,50000000.0,42000000.0,0.0,0.0,77.15077500968601,84.70149253731344,0,1
joao palhinha,Defensive Midfield,28.0,24/25,fulham,bayern munich,55000000.0,51000000.0,0.0,0.0,64.66921880737868,73.96943852167735,3,1
daichi kamada,Attacking Midfield,26.0,24/25,lazio,crystal palace,18000000.0,0.0,0.0,0.0,49.11546328157429,53.28713574982232,-1,1
juan cuadrado,Right Midfield,36.0,24/25,inter,atalanta,1000000.0,0.0,0.0,0.0,43.93066324137025,45.561478322672365,-1,1
dani olmo,Attacking Midfield,25.0,24/25,leipzig,barcelona,60000000.0,55000000.0,0.0,0.0,40.65977594793267,42.3951670220327,0,0
xavi simons,Attacking Midfield,20.0,24/25,paris sg,leipzig,80000000.0,50000000.0,0.0,0.0,70.23688028414193,72.15707178393747,0,1
luis hasa,Central Midfield,20.0,24/25,lecce,napoli,1000000.0,500000.0,0.0,0.0,28.85226651406373,32.276927053046464,4,0
ibrahim sulemana,Defensive Midfield,20.0,24/25,cagliari,atalanta,4000000.0,7400000.0,0.0,0.0,31.68590349246439,40.90262970859986,2,1
